id,name,description
1,stench,Mit jedem Treffer besteht eine 10% Chance das Ziel zurückschrecken zu lassen.
2,drizzle,Ändert beim Betreten des Kampfes das weather in rain.
3,speed-boost,Steigert die speed um 1 Stufe nach jeder Runde.
4,battle-armor,Schützt vor kritischen Treffern.
5,sturdy,"Verhindert K.O.-Treffer bei vollen hp, das Pokémon behält 1 hp. Schützt gegen K.O.-Attacken."
6,damp,"Verhindert self destruct, explosion und aftermath."
7,limber,Verhindert paralysis.
8,sand-veil,Erhöht den evasion um 25% während eines Sandsturms. Kein Schaden durch Sandstürme.
9,static,30% Chance das angreifende Pokémon bei Kontakt zu paralysieren.
10,volt-absorb,Absorbiert electric Attacken und heilt 1/4 der max hp.
11,water-absorb,Absorbiert water Attacken und heilt 1/4 der maximalen hp.
12,oblivious,Verhindert infatuation und schützt gegen captivate.
13,cloud-nine,Entfernt alle Wettereffekte aber ändert nicht das weather selbst.
14,compound-eyes,Erhöht die accuracy von Attacken um 30%.
15,insomnia,Verhindert sleep.
16,color-change,Ändert den Typ des Pokémons in den der Attacke von der es getroffen wird.
17,immunity,Verhindert poison.
18,flash-fire,"Schützt vor fire Attacken. Sobald eine fire Attacke blockiert wurde, erhöht sich der Schaden der eigenen fire Attacken um 50%."
19,shield-dust,Schützt vor Zusatzeffekten von Attacken.
20,own-tempo,Verhindert confusion.
21,suction-cups,Verhindert den Austausch von Pokémon durch Attacken.
22,intimidate,Senkt den attack des Gegners um 1 Stufe beim Betreten des Kampfes.
23,shadow-tag,"Verhindert, dass der Gegner flieht oder ausgetauscht wird."
24,rough-skin,Angreifende Pokémon erhalten 1/8 ihrer maximalen hp Schaden bei Kontakt.
25,wonder-guard,Schützt gegen Schaden verursachende Attacken die nicht sehr effektiv sind.
26,levitate,Verhindert ground Attacken
27,effect-spore,"Hat eine 30% Chance bei Kontakt entweder paralysis, poison oder sleep auszulösen."
28,synchronize,"Kopiert burn, paralysis und poison auf den Verursacher."
29,clear-body,Verhindert negative stat modifier von anderen Pokémon.
30,natural-cure,Heilt jede major status ailment beim Auswechseln
31,lightning-rod,Leitet electric Attacken mit nur einem Ziel auf dieses Pokémon um. Absorbiert electric Attacken und erhöht dabei den special attack um 1 Stufe.
32,serene-grace,Verdoppelt die Chance das ein Zusatzeffekt beim Einsatz einer Attacke auftritt
33,swift-swim,Verdoppelt die speed während es regnet.
34,chlorophyll,Verdoppelt die speed während starkem Sonnenlicht.
35,illuminate,"Verdoppelt die Wahrscheinlichkeit, einem wilden Pokémon zu begegnen."
36,trace,Kopiert die Fähigkeit des Gegners beim Betreten des Kampfes.
37,huge-power,Verdoppelt den attack im Kampf.
38,poison-point,Hat eine 30% Chance den Gegner bei Kontakt zu vergiften.
39,inner-focus,Verhindert zurückschrecken.
40,magma-armor,Verhindert einfrieren.
41,water-veil,Verhindert burn.
42,magnet-pull,"Verhindert, dass steel Pokémon fliehen oder ausgetauscht werden können."
43,soundproof,Schütz vor Schall Attacken.
44,rain-dish,Heilt jede Runde 1/16 der maximalen hp wenn es regnet.
45,sand-stream,Beschwört beim Betreten des Kampfes einen sandstorm herauf der nicht endet.
46,pressure,Erhöht die pp Kosten des Gegners um 1.
47,thick-fat,Halbiert den Schaden von fire und ice Attacken.
48,early-bird,Pokémon wachen doppelt so schnell wieder auf.
49,flame-body,"Hat eine 30% Chance, bei Kontakt burn auszulösen."
50,run-away,"Stellt sicher, dass die Flucht vor wilden Pokémon gelingt."
51,keen-eye,Verhindert das Absenken der accuracy.
52,hyper-cutter,Verhindert das Absenken des Angriffs.
53,pickup,Hebt benutzte oder weggeschleuderte getragene Items von anderen Pokémon auf. Kann nach dem Kampf ein Item aufheben.
54,truant,Überspringt jede zweite Runde.
55,hustle,"Erhöht den Schaden von physischen Attacken um 50%, aber senkt ihre accuracy auf 80% ihres sonstigen Werts."
56,cute-charm,Bei Kontakt besteht eine 30% Chance beim Gegner Anziehung auszulösen.
57,plus,Erhöht den special attack um 50% wenn ein Team-Pokémon plus oder minus hat.
58,minus,Erhöht den special attack um 50% wenn ein Team-Pokémon plus oder minus hat.
59,forecast,Ändert den Typ von castform zu dem des Wetters.
60,sticky-hold,"Verhindert, dass ein getragenes Item von einem anderen Pokémon gestohlen werden kann."
61,shed-skin,Nach jeder Runde besteht eine 33% Chance von einer bestehenden Statusänderung geheilt zu werden.
62,guts,Erhöht den attack um 50% wenn das Pokémon unter einer major status ailment leidet.
63,marvel-scale,Erhöht die defense um 50% wenn das Pokémon unter einer major status ailment leidet.
64,liquid-ooze,Damages opponents using leeching moves for as much as they would heal.
65,overgrow,Strengthens grass moves to inflict 1.5× damage at 1/3 max HP or less.
66,blaze,Erhöht den Schaden von fire Attacken um 50% wenn nur noch 1/3 der maximalen hp oder weniger übrig sind.
67,torrent,Erhöht den Schaden von water Attacken um 50% wenn nur noch 1/3 der maximalen hp oder weniger übrig sind.
68,swarm,Erhöht den Schaden von bug Attacken um 50% wenn nur noch 1/3 der maximalen hp oder weniger übrig sind.
69,rock-head,Schützt vor Rückstoßschaden.
70,drought,Ändert beim Betreten des Kampfes das weather in starkes Sonnenlicht.
71,arena-trap,"Verhindert, dass der Gegner flieht oder ausgetauscht wird wenn er nicht vom Typ flying ist oder schwebt."
72,vital-spirit,Verhindert sleep.
73,white-smoke,Verhindert negative stat modifier von anderen Pokémon.
74,pure-power,Verdoppelt den attack im Kampf.
75,shell-armor,Schützt vor kritischen Treffern.
76,air-lock,Entfernt alle Wettereffekte aber ändert nicht das weather selbst.
77,tangled-feet,Verdoppelt den evasion bei confusion.
78,motor-drive,Absorbiert electric Attacken und erhöht dabei die speed um 1 Stufe.
79,rivalry,Erhöht den verursachten Schaden gegen Pokémon vom gleichen Geschlecht um 25% aber senkt ihn auf 0.75% gegen das andere Geschlecht.
80,steadfast,Erhöht die speed um 1 Stufe wenn das Pokémon zurückschreckt.
81,snow-cloak,Erhöht den evasion um 25% während es hagelt. Kein Schaden durch hail.
82,gluttony,"Lässt das Pokémon eine getragene Beere essen, wenn es weniger als die Hälfte seiner maximalen hp hat."
83,anger-point,Erhöht den attack auf die höchste Stufe (6) wenn es einen kritischen Treffer erleidet.
84,unburden,Verdoppelt die speed wenn das Pokémon ein getragenes Item benutzt oder verliert.
85,heatproof,Halbiert den Schaden von fire Attacken und burn.
86,simple,Verdoppelt die Statuswerte-Änderungen. Die Änderungen gehen nicht über -6 oder 6 Stufen hinaus.
87,dry-skin,"Erleidet 1/8 der max hp Schaden während starkem Sonnenlicht, aber heilt 1/8 der max hp während rain. Erhöht den erhaltenen Schaden durch fire Attacken um 25%, aber absorbiert water Attacken, und heilt dabei 1/4 der max hp."
88,download,Erhöht den Angriffswert entsprechend des schwächeren Verteidigungswerts um 1 Stufe beim Betreten des Kampfs.
89,iron-fist,Verstärkt schlagbasierte Attacken um 20%.
90,poison-heal,Heilt jede Runde 1/8 der max hp wenn vergiftet.
91,adaptability,"Erhöht den STAB von 1,5× auf 2×."
92,skill-link,Erweitert mehrfach treffende Attacken wie triple kick zu ihrer vollen Länge.
93,hydration,Heilt jede Runde eine major status ailment wenn es regnet.
94,solar-power,Erhöht den special attack um 50% aber zieht jede Runde 1/8 der max hp ab während starkem Sonnenlicht.
95,quick-feet,Erhöht die speed um 50% wenn das Pokémon an einer major status ailment leidet.
96,normalize,Attacken des Pokémon werden alle zu normal Attacken.
97,sniper,"Verstärkt kritische Treffer, so dass sie 3× so viel Schaden verursachen anstatt 2×."
98,magic-guard,Schützt vor jeglichem Schaden der nicht direkt von Attacken verursacht wird.
99,no-guard,Stellt sicher das Attacken die von dem oder gegen das Pokémon eingesetzt werden treffen.
100,stall,Lässt das Pokémon als letztes angreifen innerhalb des Prioritätsspielraums der Attacken
101,technician,Versärkt Attacken mit einer Basisstärke von 60 oder weniger um 50%.
102,leaf-guard,Schützt vor major status ailments während starkem Sonnenlicht.
103,klutz,Prevents the Pokémon from using its held item in battle.
104,mold-breaker,"Umgeht die gegnerische Fähigkeit, wenn sie eine Attacke verhindern kann."
105,super-luck,Erhöht die kritische Trefferrate um 1 Stufe.
106,aftermath,"Schadet dem Angreifer mit 1/4 seiner max hp, wenn das Pokémon von einer Attacke mit Kontakt besiegt wird."
107,anticipation,"Benachrichtigt alle Trainer im Kampf, wenn ein Gegner eine sehr effektive Attacke, self destruct, explosion oder eine K.O.Attacke hat."
108,forewarn,Enthüllt die Stärkste Attacke des Gegners beim Betreten des Kampfes.
109,unaware,Ignoriert die stat modifier der Pokémon bei der Schadens- und Genauigkeitsberechnung.
110,tinted-lens,Verdoppelt den durch nicht sehr effektiven Attacken verursachten Schaden.
111,filter,Reduziert den durch sehr effektive Attacken verursachten Schaden um 1/4.
112,slow-start,Halbiert den attack und die speed 5 Runden lang nach Betreten des Kampfes.
113,scrappy,Lässt die normal und fighting Attacken des Pokémons ghost Pokémon treffen.
114,storm-drain,Leitet water Attacken auf dieses Pokémon um. Absorbiert water Attacken und erhöht den special attack um 1 Stufe.
115,ice-body,Heilt jede Runde 1/16 der max hp wenn es hagelt. Schützt vor Schäden durch hail.
116,solid-rock,Reduziert den durch sehr effektive Attacken verursachten Schaden um 1/4.
117,snow-warning,Ändert beim Betreten des Kampfes das weather in hail.
118,honey-gather,Das Pokémon hebt nach dem Kampf gelegentlich honey auf.
119,frisk,Reveals an opponent's held item upon entering battle.
120,reckless,Verstärkt Rückstoßattacken um 20%.
121,multitype,Ändert arceus Typ und Form entsprechend der Tafel die es hält.
122,flower-gift,Erhöht attack und special defense von Partnern um 50% während starkem Sonnenlicht.
123,bad-dreams,Fügt schlafenden Gegnern jede Runde 1/8 ihrer max hp Schaden zu.
124,pickpocket,Stiehlt angreifenden Pokémon bei Kontakt das Item.
125,sheer-force,"Verstärkt Attacken mit Zusatzeffekt um 30%, verhindert aber den Zusatzeffekt."
126,contrary,Invertiert Statuswertänderungen.
127,unnerve,Hindert Gegner daran Beeren zu essen.
128,defiant,Erhöht den attack um 2 Stufen wenn ein Statuswert gesenkt wird.
129,defeatist,Halbiert attack und special attack wenn nur 50% oder weniger der max hp übrig sind.
130,cursed-body,30% Chance Attacken zu blockieren von denen das Pokémon getroffen wurde.
131,healer,30% Chance angrenzende Teampartner jede Runde von einer major status ailment zu heilen.
132,friend-guard,Verringert allen von Teampartnern erlitten Schaden um 75%.
133,weak-armor,"Erhöht die speed und senkt die defense um eine Stufe, wenn es von einer physischen Attacke getroffen wird."
134,heavy-metal,Verdoppelt das Gewicht des Pokémon.
135,light-metal,Halbiert das Gewicht des Pokémon.
136,multiscale,Halbiert den erlittenen Schaden bei vollen hp.
137,toxic-boost,"Erhöht den attack um 50%, wenn das Pokémon vergiftet ist."
138,flare-boost,"Erhöht den special attack um 50%, wenn das Pokémon brennt."
139,harvest,"50% Chance nach jeder Runde eine verbrauchte Beere wiederherzustellen, wenn in der Zwischenzeit kein anderes Item erlangt wurde."
140,telepathy,Schützt vor Attacken von Partner die Schaden anrichten.
141,moody,Erhöht einen zufälligen Statuswert um 2 Stufen und senkt einen anderen um 1 Stufe nach jeder Runde.
142,overcoat,Schützt vor Schäden durch weather.
143,poison-touch,"30% Chance, den Gegner bei Kontakt zu vergiften."
144,regenerator,Heilt beim Auswechseln 1/3 der max hp.
145,big-pecks,Protects against Defense drops.
146,sand-rush,Verdoppelt die speed während eines Sandsturms. Schützt vor Schäden durch Sandstürme.
147,wonder-skin,Verringert die accuracy von ankommenden Attacken ohne Schaden auf 50%.
148,analytic,"Verstärkt Attacken um 30%, wenn das Pokémon als Letztes agiert."
149,illusion,Nimmt beim Betreten des Kampfes die Form des letzten Teampokémon das nicht besiegt ist an und behält diese bis es zum ersten Mal getroffen wird.
150,imposter,Verwandelt sich beim Betreten des Kampfes in den Gegner.
151,infiltrator,"Umgeht light screen, reflect und safeguard."
152,mummy,Ändert bei Kontakt die Fähigkeit von Angreifern in Mumie.
153,moxie,"Erhöht den attack um 1 Stufe, wenn es einen Gegner besiegt."
154,justified,"Erhöht den attack um 1 Stufe, wenn es von dark Attacken getroffen wird."
155,rattled,"Erhöht die speed um 1 Stufe, wenn es von dark, ghost oder bug Attacken getroffen wird."
156,magic-bounce,Reflektiert die meisten Attacken ohne Schaden zum Angreifer zurück.
157,sap-sipper,Absorbiert grass Attacken und erhöhrt dabei den attack um 1 Stufe.
158,prankster,Erhöht die priority von Attacken ohne Schaden um 1 Stufe.
159,sand-force,"Verstärkt rock, ground und steel Attacken um 30% während eines Sandsturms. Schützt vor Schäden durch Sandstürme."
160,iron-barbs,Angreifer erleiden bei Kontakt 1/8 ihrer max hp Schaden.
161,zen-mode,"Ändert jede Runde die Form von darmanitan abhängig von seinen hp: Zen Modus bei weniger als 50% der max hp, ansonsten Standard Modus."
162,victory-star,Erhöht die accuracy von Partnern um 10%.
163,turboblaze,"Umgeht die gegnerische Fähigkeit, wenn sie eine Attacke verhindern kann."
164,teravolt,"Umgeht die gegnerische Fähigkeit, wenn sie eine Attacke verhindern kann."
165,aroma-veil,Schützt Verbündete vor mentalen Attacken.
166,flower-veil,Beschützt verbündete grass Pokémon for negativen Statuswerteänderungenen.
167,cheek-pouch,Stellt zusätzlich zum eigentlichen Effekt einer Beere zusätzliche hp wieder her.
168,protean,Ändert den Typ des Anwenders in den der Attacke die er einsetzt.
169,fur-coat,Halbiert den Schaden von physischen Attacken.
170,magician,Stiehlt angreifenden Pokémon das Item wenn es von einer Attacke die Schaden verursacht getroffen wird.
171,bulletproof,"Schützt gegen Kugel-, Ball- und Bombenbasierte Attacken."
172,competitive,Erhöht den special attack um 2 Stufen wenn ein Statuswert gesenkt wird.
173,strong-jaw,Verstärkt Bissattacken um 50%.
174,refrigerate,Ändert die normal Attacken des Anwenders in ice Attacken und verstärkt sie um 30%.
175,sweet-veil,Hindert Partner am einschlafen.
176,stance-change,"Wechselt die Form von aegislash zur Klingenform, wenn eine Attacke mit Schaden eingesetzt wird, oder zur Schildform, wenn kings shield eingesetzt wird."
177,gale-wings,Erhöht die priority von flying Attacken um 1 Stufe.
178,mega-launcher,Verstärkt Aura- und Pulsattacken um 50%.
179,grass-pelt,Erhöht die defense um 50% während dem Effekt von grassy terrain.
180,symbiosis,"Gibt das eigene Item an einen Verbündeten weiter, wenn dieser seins benutzt hat."
181,tough-claws,Verstärkt Attacken mit Kontakt um 33%.
182,pixilate,Ändert die normal Attacken des Anwenders in fairy Attacken und verstärkt sie um 30%.
183,gooey,Senkt bei Kontakt die speed des Angreifers um 1 Stufe.
184,aerilate,Ändert die normal Attacken des Anwenders in flying Attacken und verstärkt sie um 30%.
185,parental-bond,"Lässt den Träger bei Attacken die Schaden verursachen ein zweites mal treffen, wobei der 2. Treffer nur halbe Stärke hat."
186,dark-aura,Verstärkt dark Attacken aller Pokémon im Kampf um 33%.
187,fairy-aura,Verstärkt fairy Attacken aller Pokémon im Kampf um 33%.
188,aura-break,Schwächt die von dark aura und fairy aura gestärkten Attacken.
189,primordial-sea,Ändert beim Betreten des Kampfes das weather in heftigen rain und verhindert fire Attacken.
190,desolate-land,Ändert beim Betreten des Kampfes das weather in sehr starkes Sonnenlicht und verhindert water Attacken.
191,delta-stream,Ändert beim Betreten des Kampfes das weather in Windströmungen und hebt Typenvorteile gegenüber flying Attacken auf.
192,stamina,Raises this Pokémon's Defense by one stage when it takes damage from a move.
193,wimp-out,This Pokémon automatically switches out when its HP drops below half.
194,emergency-exit,This Pokémon automatically switches out when its HP drops below half.
195,water-compaction,Raises this Pokémon's Defense by two stages when it's hit by a Water move.
196,merciless,This Pokémon's moves critical hit against poisoned targets.
197,shields-down,Transforms this Minior between Core Form and Meteor Form.  Prevents major status ailments and drowsiness while in Meteor Form.
198,stakeout,This Pokémon's moves have double power against Pokémon that switched in this turn.
199,water-bubble,"Halves damage from Fire moves, doubles damage of Water moves, and prevents burns."
200,steelworker,This Pokémon's Steel moves have 1.5× power.
