id,name,pp,type,power,accuracy
1,pound,35,1,40,100
2,karate-chop,25,2,50,100
3,double-slap,10,1,15,85
4,comet-punch,15,1,18,85
5,mega-punch,20,1,80,85
6,pay-day,20,1,40,100
7,fire-punch,15,10,75,100
8,ice-punch,15,15,75,100
9,thunder-punch,15,13,75,100
10,scratch,35,1,40,100
11,vice-grip,30,1,55,100
12,guillotine,5,1,,30
13,razor-wind,10,1,80,100
14,swords-dance,20,1,,
15,cut,30,1,50,95
16,gust,35,3,40,100
17,wing-attack,35,3,60,100
18,whirlwind,20,1,,
19,fly,15,3,90,95
20,bind,20,1,15,85
21,slam,20,1,80,75
22,vine-whip,25,12,45,100
23,stomp,20,1,65,100
24,double-kick,30,2,30,100
25,mega-kick,5,1,120,75
26,jump-kick,10,2,100,95
27,rolling-kick,15,2,60,85
28,sand-attack,15,5,,100
29,headbutt,15,1,70,100
30,horn-attack,25,1,65,100
31,fury-attack,20,1,15,85
32,horn-drill,5,1,,30
33,tackle,35,1,40,100
34,body-slam,15,1,85,100
35,wrap,20,1,15,90
36,take-down,20,1,90,85
37,thrash,10,1,120,100
38,double-edge,15,1,120,100
39,tail-whip,30,1,,100
40,poison-sting,35,4,15,100
41,twineedle,20,7,25,100
42,pin-missile,20,7,25,95
43,leer,30,1,,100
44,bite,25,17,60,100
45,growl,40,1,,100
46,roar,20,1,,
47,sing,15,1,,55
48,supersonic,20,1,,55
49,sonic-boom,20,1,,90
50,disable,20,1,,100
51,acid,30,4,40,100
52,ember,25,10,40,100
53,flamethrower,15,10,90,100
54,mist,30,15,,
55,water-gun,25,11,40,100
56,hydro-pump,5,11,110,80
57,surf,15,11,90,100
58,ice-beam,10,15,90,100
59,blizzard,5,15,110,70
60,psybeam,20,14,65,100
61,bubble-beam,20,11,65,100
62,aurora-beam,20,15,65,100
63,hyper-beam,5,1,150,90
64,peck,35,3,35,100
65,drill-peck,20,3,80,100
66,submission,20,2,80,80
67,low-kick,20,2,,100
68,counter,20,2,,100
69,seismic-toss,20,2,,100
70,strength,15,1,80,100
71,absorb,25,12,20,100
72,mega-drain,15,12,40,100
73,leech-seed,10,12,,90
74,growth,20,1,,
75,razor-leaf,25,12,55,95
76,solar-beam,10,12,120,100
77,poison-powder,35,4,,75
78,stun-spore,30,12,,75
79,sleep-powder,15,12,,75
80,petal-dance,10,12,120,100
81,string-shot,40,7,,95
82,dragon-rage,10,16,,100
83,fire-spin,15,10,35,85
84,thunder-shock,30,13,40,100
85,thunderbolt,15,13,90,100
86,thunder-wave,20,13,,90
87,thunder,10,13,110,70
88,rock-throw,15,6,50,90
89,earthquake,10,5,100,100
90,fissure,5,5,,30
91,dig,10,5,80,100
92,toxic,10,4,,90
93,confusion,25,14,50,100
94,psychic,10,14,90,100
95,hypnosis,20,14,,60
96,meditate,40,14,,
97,agility,30,14,,
98,quick-attack,30,1,40,100
99,rage,20,1,20,100
100,teleport,20,14,,
101,night-shade,15,8,,100
102,mimic,10,1,,
103,screech,40,1,,85
104,double-team,15,1,,
105,recover,5,1,,
106,harden,30,1,,
107,minimize,10,1,,
108,smokescreen,20,1,,100
109,confuse-ray,10,8,,100
110,withdraw,40,11,,
111,defense-curl,40,1,,
112,barrier,20,14,,
113,light-screen,30,14,,
114,haze,30,15,,
115,reflect,20,14,,
116,focus-energy,30,1,,
117,bide,10,1,,
118,metronome,10,1,,
119,mirror-move,20,3,,
120,self-destruct,5,1,200,100
121,egg-bomb,10,1,100,75
122,lick,30,8,30,100
123,smog,20,4,30,70
124,sludge,20,4,65,100
125,bone-club,20,5,65,85
126,fire-blast,5,10,110,85
127,waterfall,15,11,80,100
128,clamp,15,11,35,85
129,swift,20,1,60,
130,skull-bash,10,1,130,100
131,spike-cannon,15,1,20,100
132,constrict,35,1,10,100
133,amnesia,20,14,,
134,kinesis,15,14,,80
135,soft-boiled,5,1,,
136,high-jump-kick,10,2,130,90
137,glare,30,1,,100
138,dream-eater,15,14,100,100
139,poison-gas,40,4,,90
140,barrage,20,1,15,85
141,leech-life,10,7,80,100
142,lovely-kiss,10,1,,75
143,sky-attack,5,3,140,90
144,transform,10,1,,
145,bubble,30,11,40,100
146,dizzy-punch,10,1,70,100
147,spore,15,12,,100
148,flash,20,1,,100
149,psywave,15,14,,100
150,splash,40,1,,
151,acid-armor,20,4,,
152,crabhammer,10,11,100,90
153,explosion,5,1,250,100
154,fury-swipes,15,1,18,80
155,bonemerang,10,5,50,90
156,rest,5,14,,
157,rock-slide,10,6,75,90
158,hyper-fang,15,1,80,90
159,sharpen,30,1,,
160,conversion,30,1,,
161,tri-attack,10,1,80,100
162,super-fang,10,1,,90
163,slash,20,1,70,100
164,substitute,10,1,,
165,struggle,1,1,50,
166,sketch,1,1,,
167,triple-kick,10,2,10,90
168,thief,25,17,60,100
169,spider-web,10,7,,
170,mind-reader,5,1,,
171,nightmare,15,8,,100
172,flame-wheel,25,10,60,100
173,snore,15,1,50,100
174,curse,10,8,,
175,flail,15,1,,100
176,conversion-2,30,1,,
177,aeroblast,5,3,100,95
178,cotton-spore,40,12,,100
179,reversal,15,2,,100
180,spite,10,8,,100
181,powder-snow,25,15,40,100
182,protect,10,1,,
183,mach-punch,30,2,40,100
184,scary-face,10,1,,100
185,feint-attack,20,17,60,
186,sweet-kiss,10,18,,75
187,belly-drum,10,1,,
188,sludge-bomb,10,4,90,100
189,mud-slap,10,5,20,100
190,octazooka,10,11,65,85
191,spikes,20,5,,
192,zap-cannon,5,13,120,50
193,foresight,40,1,,
194,destiny-bond,5,8,,
195,perish-song,5,1,,
196,icy-wind,15,15,55,95
197,detect,5,2,,
198,bone-rush,10,5,25,90
199,lock-on,5,1,,
200,outrage,10,16,120,100
201,sandstorm,10,6,,
202,giga-drain,10,12,75,100
203,endure,10,1,,
204,charm,20,18,,100
205,rollout,20,6,30,90
206,false-swipe,40,1,40,100
207,swagger,15,1,,85
208,milk-drink,5,1,,
209,spark,20,13,65,100
210,fury-cutter,20,7,40,95
211,steel-wing,25,9,70,90
212,mean-look,5,1,,
213,attract,15,1,,100
214,sleep-talk,10,1,,
215,heal-bell,5,1,,
216,return,20,1,,100
217,present,15,1,,90
218,frustration,20,1,,100
219,safeguard,25,1,,
220,pain-split,20,1,,
221,sacred-fire,5,10,100,95
222,magnitude,30,5,,100
223,dynamic-punch,5,2,100,50
224,megahorn,10,7,120,85
225,dragon-breath,20,16,60,100
226,baton-pass,40,1,,
227,encore,5,1,,100
228,pursuit,20,17,40,100
229,rapid-spin,40,1,50,100
230,sweet-scent,20,1,,100
231,iron-tail,15,9,100,75
232,metal-claw,35,9,50,95
233,vital-throw,10,2,70,
234,morning-sun,5,1,,
235,synthesis,5,12,,
236,moonlight,5,18,,
237,hidden-power,15,1,60,100
238,cross-chop,5,2,100,80
239,twister,20,16,40,100
240,rain-dance,5,11,,
241,sunny-day,5,10,,
242,crunch,15,17,80,100
243,mirror-coat,20,14,,100
244,psych-up,10,1,,
245,extreme-speed,5,1,80,100
246,ancient-power,5,6,60,100
247,shadow-ball,15,8,80,100
248,future-sight,10,14,120,100
249,rock-smash,15,2,40,100
250,whirlpool,15,11,35,85
251,beat-up,10,17,,100
252,fake-out,10,1,40,100
253,uproar,10,1,90,100
254,stockpile,20,1,,
255,spit-up,10,1,,100
256,swallow,10,1,,
257,heat-wave,10,10,95,90
258,hail,10,15,,
259,torment,15,17,,100
260,flatter,15,17,,100
261,will-o-wisp,15,10,,85
262,memento,10,17,,100
263,facade,20,1,70,100
264,focus-punch,20,2,150,100
265,smelling-salts,10,1,70,100
266,follow-me,20,1,,
267,nature-power,20,1,,
268,charge,20,13,,
269,taunt,20,17,,100
270,helping-hand,20,1,,
271,trick,10,14,,100
272,role-play,10,14,,
273,wish,10,1,,
274,assist,20,1,,
275,ingrain,20,12,,
276,superpower,5,2,120,100
277,magic-coat,15,14,,
278,recycle,10,1,,
279,revenge,10,2,60,100
280,brick-break,15,2,75,100
281,yawn,10,1,,
282,knock-off,20,17,65,100
283,endeavor,5,1,,100
284,eruption,5,10,150,100
285,skill-swap,10,14,,
286,imprison,10,14,,
287,refresh,20,1,,
288,grudge,5,8,,
289,snatch,10,17,,
290,secret-power,20,1,70,100
291,dive,10,11,80,100
292,arm-thrust,20,2,15,100
293,camouflage,20,1,,
294,tail-glow,20,7,,
295,luster-purge,5,14,95,100
296,mist-ball,5,14,95,100
297,feather-dance,15,3,,100
298,teeter-dance,20,1,,100
299,blaze-kick,10,10,85,90
300,mud-sport,15,5,,
301,ice-ball,20,15,30,90
302,needle-arm,15,12,60,100
303,slack-off,5,1,,
304,hyper-voice,10,1,90,100
305,poison-fang,15,4,50,100
306,crush-claw,10,1,75,95
307,blast-burn,5,10,150,90
308,hydro-cannon,5,11,150,90
309,meteor-mash,10,9,90,90
310,astonish,15,8,30,100
311,weather-ball,10,1,50,100
312,aromatherapy,5,12,,
313,fake-tears,20,17,,100
314,air-cutter,25,3,60,95
315,overheat,5,10,130,90
316,odor-sleuth,40,1,,
317,rock-tomb,15,6,60,95
318,silver-wind,5,7,60,100
319,metal-sound,40,9,,85
320,grass-whistle,15,12,,55
321,tickle,20,1,,100
322,cosmic-power,20,14,,
323,water-spout,5,11,150,100
324,signal-beam,15,7,75,100
325,shadow-punch,20,8,60,
326,extrasensory,20,14,80,100
327,sky-uppercut,15,2,85,90
328,sand-tomb,15,5,35,85
329,sheer-cold,5,15,,30
330,muddy-water,10,11,90,85
331,bullet-seed,30,12,25,100
332,aerial-ace,20,3,60,
333,icicle-spear,30,15,25,100
334,iron-defense,15,9,,
335,block,5,1,,
336,howl,40,1,,
337,dragon-claw,15,16,80,100
338,frenzy-plant,5,12,150,90
339,bulk-up,20,2,,
340,bounce,5,3,85,85
341,mud-shot,15,5,55,95
342,poison-tail,25,4,50,100
343,covet,25,1,60,100
344,volt-tackle,15,13,120,100
345,magical-leaf,20,12,60,
346,water-sport,15,11,,
347,calm-mind,20,14,,
348,leaf-blade,15,12,90,100
349,dragon-dance,20,16,,
350,rock-blast,10,6,25,90
351,shock-wave,20,13,60,
352,water-pulse,20,11,60,100
353,doom-desire,5,9,140,100
354,psycho-boost,5,14,140,90
355,roost,5,3,,
356,gravity,5,14,,
357,miracle-eye,40,14,,
358,wake-up-slap,10,2,70,100
359,hammer-arm,10,2,100,90
360,gyro-ball,5,9,,100
361,healing-wish,10,14,,
362,brine,10,11,65,100
363,natural-gift,15,1,,100
364,feint,10,1,30,100
365,pluck,20,3,60,100
366,tailwind,15,3,,
367,acupressure,30,1,,
368,metal-burst,10,9,,100
369,u-turn,20,7,70,100
370,close-combat,5,2,120,100
371,payback,10,17,50,100
372,assurance,10,17,60,100
373,embargo,15,17,,100
374,fling,10,17,,100
375,psycho-shift,10,14,,100
376,trump-card,5,1,,
377,heal-block,15,14,,100
378,wring-out,5,1,,100
379,power-trick,10,14,,
380,gastro-acid,10,4,,100
381,lucky-chant,30,1,,
382,me-first,20,1,,
383,copycat,20,1,,
384,power-swap,10,14,,
385,guard-swap,10,14,,
386,punishment,5,17,,100
387,last-resort,5,1,140,100
388,worry-seed,10,12,,100
389,sucker-punch,5,17,70,100
390,toxic-spikes,20,4,,
391,heart-swap,10,14,,
392,aqua-ring,20,11,,
393,magnet-rise,10,13,,
394,flare-blitz,15,10,120,100
395,force-palm,10,2,60,100
396,aura-sphere,20,2,80,
397,rock-polish,20,6,,
398,poison-jab,20,4,80,100
399,dark-pulse,15,17,80,100
400,night-slash,15,17,70,100
401,aqua-tail,10,11,90,90
402,seed-bomb,15,12,80,100
403,air-slash,15,3,75,95
404,x-scissor,15,7,80,100
405,bug-buzz,10,7,90,100
406,dragon-pulse,10,16,85,100
407,dragon-rush,10,16,100,75
408,power-gem,20,6,80,100
409,drain-punch,10,2,75,100
410,vacuum-wave,30,2,40,100
411,focus-blast,5,2,120,70
412,energy-ball,10,12,90,100
413,brave-bird,15,3,120,100
414,earth-power,10,5,90,100
415,switcheroo,10,17,,100
416,giga-impact,5,1,150,90
417,nasty-plot,20,17,,
418,bullet-punch,30,9,40,100
419,avalanche,10,15,60,100
420,ice-shard,30,15,40,100
421,shadow-claw,15,8,70,100
422,thunder-fang,15,13,65,95
423,ice-fang,15,15,65,95
424,fire-fang,15,10,65,95
425,shadow-sneak,30,8,40,100
426,mud-bomb,10,5,65,85
427,psycho-cut,20,14,70,100
428,zen-headbutt,15,14,80,90
429,mirror-shot,10,9,65,85
430,flash-cannon,10,9,80,100
431,rock-climb,20,1,90,85
432,defog,15,3,,
433,trick-room,5,14,,
434,draco-meteor,5,16,130,90
435,discharge,15,13,80,100
436,lava-plume,15,10,80,100
437,leaf-storm,5,12,130,90
438,power-whip,10,12,120,85
439,rock-wrecker,5,6,150,90
440,cross-poison,20,4,70,100
441,gunk-shot,5,4,120,80
442,iron-head,15,9,80,100
443,magnet-bomb,20,9,60,
444,stone-edge,5,6,100,80
445,captivate,20,1,,100
446,stealth-rock,20,6,,
447,grass-knot,20,12,,100
448,chatter,20,3,65,100
449,judgment,10,1,100,100
450,bug-bite,20,7,60,100
451,charge-beam,10,13,50,90
452,wood-hammer,15,12,120,100
453,aqua-jet,20,11,40,100
454,attack-order,15,7,90,100
455,defend-order,10,7,,
456,heal-order,10,7,,
457,head-smash,5,6,150,80
458,double-hit,10,1,35,90
459,roar-of-time,5,16,150,90
460,spacial-rend,5,16,100,95
461,lunar-dance,10,14,,
462,crush-grip,5,1,,100
463,magma-storm,5,10,100,75
464,dark-void,10,17,,50
465,seed-flare,5,12,120,85
466,ominous-wind,5,8,60,100
467,shadow-force,5,8,120,100
468,hone-claws,15,17,,
469,wide-guard,10,6,,
470,guard-split,10,14,,
471,power-split,10,14,,
472,wonder-room,10,14,,
473,psyshock,10,14,80,100
474,venoshock,10,4,65,100
475,autotomize,15,9,,
476,rage-powder,20,7,,
477,telekinesis,15,14,,
478,magic-room,10,14,,
479,smack-down,15,6,50,100
480,storm-throw,10,2,60,100
481,flame-burst,15,10,70,100
482,sludge-wave,10,4,95,100
483,quiver-dance,20,7,,
484,heavy-slam,10,9,,100
485,synchronoise,10,14,120,100
486,electro-ball,10,13,,100
487,soak,20,11,,100
488,flame-charge,20,10,50,100
489,coil,20,4,,
490,low-sweep,20,2,65,100
491,acid-spray,20,4,40,100
492,foul-play,15,17,95,100
493,simple-beam,15,1,,100
494,entrainment,15,1,,100
495,after-you,15,1,,
496,round,15,1,60,100
497,echoed-voice,15,1,40,100
498,chip-away,20,1,70,100
499,clear-smog,15,4,50,
500,stored-power,10,14,20,100
501,quick-guard,15,2,,
502,ally-switch,15,14,,
503,scald,15,11,80,100
504,shell-smash,15,1,,
505,heal-pulse,10,14,,
506,hex,10,8,65,100
507,sky-drop,10,3,60,100
508,shift-gear,10,9,,
509,circle-throw,10,2,60,90
510,incinerate,15,10,60,100
511,quash,15,17,,100
512,acrobatics,15,3,55,100
513,reflect-type,15,1,,
514,retaliate,5,1,70,100
515,final-gambit,5,2,,100
516,bestow,15,1,,
517,inferno,5,10,100,50
518,water-pledge,10,11,80,100
519,fire-pledge,10,10,80,100
520,grass-pledge,10,12,80,100
521,volt-switch,20,13,70,100
522,struggle-bug,20,7,50,100
523,bulldoze,20,5,60,100
524,frost-breath,10,15,60,90
525,dragon-tail,10,16,60,90
526,work-up,30,1,,
527,electroweb,15,13,55,95
528,wild-charge,15,13,90,100
529,drill-run,10,5,80,95
530,dual-chop,15,16,40,90
531,heart-stamp,25,14,60,100
532,horn-leech,10,12,75,100
533,sacred-sword,15,2,90,100
534,razor-shell,10,11,75,95
535,heat-crash,10,10,,100
536,leaf-tornado,10,12,65,90
537,steamroller,20,7,65,100
538,cotton-guard,10,12,,
539,night-daze,10,17,85,95
540,psystrike,10,14,100,100
541,tail-slap,10,1,25,85
542,hurricane,10,3,110,70
543,head-charge,15,1,120,100
544,gear-grind,15,9,50,85
545,searing-shot,5,10,100,100
546,techno-blast,5,1,120,100
547,relic-song,10,1,75,100
548,secret-sword,10,2,85,100
549,glaciate,10,15,65,95
550,bolt-strike,5,13,130,85
551,blue-flare,5,10,130,85
552,fiery-dance,10,10,80,100
553,freeze-shock,5,15,140,90
554,ice-burn,5,15,140,90
555,snarl,15,17,55,95
556,icicle-crash,10,15,85,90
557,v-create,5,10,180,95
558,fusion-flare,5,10,100,100
559,fusion-bolt,5,13,100,100
560,flying-press,10,2,100,95
561,mat-block,10,2,,
562,belch,10,4,120,90
563,rototiller,10,5,,
564,sticky-web,20,7,,
565,fell-stinger,25,7,50,100
566,phantom-force,10,8,90,100
567,trick-or-treat,20,8,,100
568,noble-roar,30,1,,100
569,ion-deluge,25,13,,
570,parabolic-charge,20,13,65,100
571,forests-curse,20,12,,100
572,petal-blizzard,15,12,90,100
573,freeze-dry,20,15,70,100
574,disarming-voice,15,18,40,
575,parting-shot,20,17,,100
576,topsy-turvy,20,17,,
577,draining-kiss,10,18,50,100
578,crafty-shield,10,18,,
579,flower-shield,10,18,,
580,grassy-terrain,10,12,,
581,misty-terrain,10,18,,
582,electrify,20,13,,
583,play-rough,10,18,90,90
584,fairy-wind,30,18,40,100
585,moonblast,15,18,95,100
586,boomburst,10,1,140,100
587,fairy-lock,10,18,,
588,kings-shield,10,9,,
589,play-nice,20,1,,
590,confide,20,1,,
591,diamond-storm,5,6,100,95
592,steam-eruption,5,11,110,95
593,hyperspace-hole,5,14,80,
594,water-shuriken,20,11,15,100
595,mystical-fire,10,10,75,100
596,spiky-shield,10,12,,
597,aromatic-mist,20,18,,
598,eerie-impulse,15,13,,100
599,venom-drench,20,4,,100
600,powder,20,7,,100
601,geomancy,10,18,,
602,magnetic-flux,20,13,,
603,happy-hour,30,1,,
604,electric-terrain,10,13,,
605,dazzling-gleam,10,18,80,100
606,celebrate,40,1,,
607,hold-hands,40,1,,
608,baby-doll-eyes,30,18,,100
609,nuzzle,20,13,20,100
610,hold-back,40,1,40,100
611,infestation,20,7,20,100
612,power-up-punch,20,2,40,100
613,oblivion-wing,10,3,80,100
614,thousand-arrows,10,5,90,100
615,thousand-waves,10,5,90,100
616,lands-wrath,10,5,90,100
617,light-of-ruin,5,18,140,90
618,origin-pulse,10,11,110,85
619,precipice-blades,10,5,120,85
620,dragon-ascent,5,3,120,100
621,hyperspace-fury,5,17,100,
622,breakneck-blitz--physical,1,1,,
623,breakneck-blitz--special,1,1,,
624,all-out-pummeling--physical,1,2,,
625,all-out-pummeling--special,1,2,,
626,supersonic-skystrike--physical,1,3,,
627,supersonic-skystrike--special,1,3,,
628,acid-downpour--physical,1,4,,
629,acid-downpour--special,1,4,,
630,tectonic-rage--physical,1,5,,
631,tectonic-rage--special,1,5,,
632,continental-crush--physical,1,6,,
633,continental-crush--special,1,6,,
634,savage-spin-out--physical,1,7,,
635,savage-spin-out--special,1,7,,
636,never-ending-nightmare--physical,1,8,,
637,never-ending-nightmare--special,1,8,,
638,corkscrew-crash--physical,1,9,,
639,corkscrew-crash--special,1,9,,
640,inferno-overdrive--physical,1,10,,
641,inferno-overdrive--special,1,10,,
642,hydro-vortex--physical,1,11,,
643,hydro-vortex--special,1,11,,
644,bloom-doom--physical,1,12,,
645,bloom-doom--special,1,12,,
646,gigavolt-havoc--physical,1,13,,
647,gigavolt-havoc--special,1,13,,
648,shattered-psyche--physical,1,14,,
649,shattered-psyche--special,1,14,,
650,subzero-slammer--physical,1,15,,
651,subzero-slammer--special,1,15,,
652,devastating-drake--physical,1,16,,
653,devastating-drake--special,1,16,,
654,black-hole-eclipse--physical,1,17,,
655,black-hole-eclipse--special,1,17,,
656,twinkle-tackle--physical,1,18,,
657,twinkle-tackle--special,1,18,,
658,catastropika,1,13,210,
659,shore-up,5,5,,
660,first-impression,10,7,90,100
661,baneful-bunker,10,4,,
662,spirit-shackle,10,8,80,100
663,darkest-lariat,10,17,85,100
664,sparkling-aria,10,11,90,100
665,ice-hammer,10,15,100,90
666,floral-healing,10,18,,
667,high-horsepower,10,5,95,95
668,strength-sap,10,12,,100
669,solar-blade,10,12,125,100
670,leafage,40,12,40,100
671,spotlight,15,1,,
672,toxic-thread,20,4,,100
673,laser-focus,30,1,,
674,gear-up,20,9,,
675,throat-chop,15,17,80,100
676,pollen-puff,15,7,90,100
677,anchor-shot,20,9,80,100
678,psychic-terrain,10,14,,
679,lunge,15,7,80,100
680,fire-lash,15,10,80,100
681,power-trip,10,17,20,100
682,burn-up,5,10,130,100
683,speed-swap,10,14,,
684,smart-strike,10,9,70,
685,purify,20,4,,
686,revelation-dance,15,1,90,100
687,core-enforcer,10,16,100,100
688,trop-kick,15,12,70,100
689,instruct,15,14,,
690,beak-blast,15,3,100,100
691,clanging-scales,5,16,110,100
692,dragon-hammer,15,16,90,100
693,brutal-swing,20,17,60,100
694,aurora-veil,20,15,,
695,sinister-arrow-raid,1,8,180,
696,malicious-moonsault,1,17,180,
697,oceanic-operetta,1,11,195,
698,guardian-of-alola,1,18,,
699,soul-stealing-7-star-strike,1,8,195,
700,stoked-sparksurfer,1,13,175,
701,pulverizing-pancake,1,1,210,
702,extreme-evoboost,1,1,,
703,genesis-supernova,1,14,185,
704,shell-trap,5,10,150,100
705,fleur-cannon,5,18,130,90
706,psychic-fangs,10,14,85,100
707,stomping-tantrum,10,5,75,100
708,shadow-bone,10,8,85,100
709,accelerock,20,6,40,100
710,liquidation,10,11,85,100
711,prismatic-laser,10,14,160,100
712,spectral-thief,10,8,90,100
713,sunsteel-strike,5,9,100,100
714,moongeist-beam,5,8,100,100
715,tearful-look,20,1,,
716,zing-zap,10,13,80,100
717,natures-madness,10,18,,90
718,multi-attack,10,1,120,100
719,10-000-000-volt-thunderbolt,1,13,195,
720,mind-blown,5,10,150,100
721,plasma-fists,15,13,100,100
722,photon-geyser,5,14,100,100
723,light-that-burns-the-sky,1,14,200,
724,searing-sunraze-smash,1,9,200,
725,menacing-moonraze-maelstrom,1,8,200,
726,lets-snuggle-forever,1,18,190,
727,splintered-stormshards,1,6,190,
728,clangorous-soulblaze,1,16,185,
729,zippy-zap,10,13,80,100
730,splishy-splash,15,11,90,100
731,floaty-fall,15,3,90,95
732,pika-papow,20,13,,
733,bouncy-bubble,20,11,60,100
734,buzzy-buzz,20,13,60,100
735,sizzly-slide,20,10,60,100
736,glitzy-glow,15,14,80,95
737,baddy-bad,15,17,80,95
738,sappy-seed,10,12,100,90
739,freezy-frost,10,15,100,90
740,sparkly-swirl,5,18,120,85
741,veevee-volley,20,1,,
742,double-iron-bash,5,9,60,100
743,max-guard,10,1,,
744,dynamax-cannon,5,16,100,100
745,snipe-shot,15,11,80,100
746,jaw-lock,10,17,80,100
747,stuff-cheeks,10,1,,
748,no-retreat,5,2,,
749,tar-shot,15,6,,100
750,magic-powder,20,14,,100
751,dragon-darts,10,16,50,100
752,teatime,10,1,,
753,octolock,15,2,,100
754,bolt-beak,10,13,85,100
755,fishious-rend,10,11,85,100
756,court-change,10,1,,100
757,max-flare,10,10,100,
758,max-flutterby,10,7,10,
759,max-lightning,10,13,10,
760,max-strike,10,1,10,
761,max-knuckle,10,2,10,
762,max-phantasm,10,8,10,
763,max-hailstorm,10,15,10,
764,max-ooze,10,4,10,
765,max-geyser,10,11,10,
766,max-airstream,10,3,10,
767,max-starfall,10,18,10,
768,max-wyrmwind,10,16,10,
769,max-mindstorm,10,14,10,
770,max-rockfall,10,6,10,
771,max-quake,10,5,10,
772,max-darkness,10,17,10,
773,max-overgrowth,10,12,10,
774,max-steelspike,10,9,10,
775,clangorous-soul,5,16,,100
776,body-press,10,2,80,100
777,decorate,15,18,,
778,drum-beating,10,12,80,100
779,snap-trap,15,12,35,100
780,pyro-ball,5,10,120,90
781,behemoth-blade,5,9,100,100
782,behemoth-bash,5,9,100,100
783,aura-wheel,10,13,110,100
784,breaking-swipe,15,16,60,100
785,branch-poke,40,12,40,100
786,overdrive,10,13,80,100
787,apple-acid,10,12,80,100
788,grav-apple,10,12,80,100
789,spirit-break,15,18,75,100
790,strange-steam,10,18,90,95
791,life-dew,10,11,,
792,obstruct,10,17,,100
793,false-surrender,10,17,80,
794,meteor-assault,5,2,150,100
795,eternabeam,5,16,160,90
796,steel-beam,5,9,140,95
797,expanding-force,10,14,80,100
798,steel-roller,5,9,130,100
799,scale-shot,20,16,25,90
800,meteor-beam,10,6,120,90
