id,name,join_date,rank
1,Kaylee Knight,2015-11-22,Ultraball
2,Antonio Oconnell,1995-05-08,Pokeball
3,Kimberly Stone,2010-04-14,Pokeball
4,Haley Brown,2009-02-14,Ultraball
5,Erica Rodriguez,2011-10-07,Ultraball
6,Michael Dean,1973-04-18,Pokeball
7,Ann Callahan,2021-04-03,Greatball
8,Joseph Mueller,2007-12-23,Greatball
9,Mary Robinson,2001-06-28,Pokeball
10,Kristen Patterson,2014-07-19,Greatball
11,Sandra Anderson,1981-12-16,Pokeball
12,Kyle Griffin,2002-04-15,Ultraball
13,Kenneth Alvarez,1972-05-14,Pokeball
14,Samuel Garrett,1986-03-21,Pokeball
15,Brenda Gilmore,1980-02-24,Pokeball
16,David Cooper,2007-08-21,Pokeball
17,Crystal Butler,1971-12-21,Ultraball
18,Evan Rios,2018-03-16,Pokeball
19,Erik Turner,2012-10-09,Ultraball
20,Richard Martinez,1994-01-02,Greatball
21,Jonathan Lucas,1986-11-05,Pokeball
22,Jennifer Montoya,2002-06-11,Greatball
23,James Serrano,1995-02-05,Greatball
24,Shelly Conrad,2015-05-27,Ultraball
25,Maureen Lowe,2013-09-13,Ultraball
26,Jennifer Cooper,2013-10-28,Ultraball
27,Daryl Carpenter,1985-08-18,Greatball
28,Martin Contreras,2012-02-21,Greatball
29,Danielle Stanley,1999-01-16,Greatball
30,James Martinez,1981-01-17,Ultraball
31,Elizabeth Horn,2017-12-01,Ultraball
32,John Henry,1993-11-01,Pokeball
33,Joan Richardson,1998-01-01,Pokeball
34,Christine Short,2015-04-22,Greatball
35,Kimberly Smith,1996-10-16,Greatball
36,Nancy Dominguez,1997-07-26,Ultraball
37,Jeffrey Jones,1981-02-03,Pokeball
38,Dawn Alexander,1974-12-12,Pokeball
39,Thomas Delgado,1999-10-30,Greatball
40,Terry Curtis,1981-02-18,Pokeball
41,Justin Newman,1992-10-20,Ultraball
42,Audrey Bradley,2013-06-25,Greatball
43,Cory Rangel,1987-04-25,Ultraball
44,Heather Deleon,1979-06-01,Greatball
45,Carolyn George,2011-12-09,Pokeball
46,Julie Wilson,1990-05-29,Pokeball
47,Carla Proctor,1975-11-19,Greatball
48,Sean Torres,1984-07-10,Greatball
49,Jennifer Short,2020-01-26,Greatball
50,Emily Bates,1997-06-10,Ultraball
51,Christian Carpenter,1973-03-29,Greatball
52,Chad Duran,1993-12-28,Ultraball
53,Kevin Vargas,2019-05-28,Ultraball
54,Brian Gomez,1977-06-17,Pokeball
55,Ann Gibson,2016-11-20,Pokeball
56,Samantha Davis,2015-01-27,Greatball
57,Amber Bailey,2007-05-02,Ultraball
58,Robert Perez,1990-02-19,Pokeball
59,Alicia Hill,2015-08-13,Greatball
60,Alvin Hunter,1997-01-09,Pokeball
61,Joshua Anderson,1972-09-28,Ultraball
62,Deborah Harris,2004-05-14,Ultraball
63,James Meyer,1999-09-24,Ultraball
64,Emma Cortez MD,1974-09-21,Ultraball
65,Taylor Myers,2007-08-20,Pokeball
66,Heather Herrera,2020-12-01,Ultraball
67,Micheal Baldwin,2011-03-08,Pokeball
68,Ann Clark,1983-02-28,Pokeball
69,Randy Hernandez,2003-05-12,Greatball
70,John Vasquez,2022-08-28,Ultraball
71,James Webster,2010-06-02,Ultraball
72,Brett Morales,2013-06-16,Ultraball
73,Michael Richmond,1974-07-29,Ultraball
74,Jessica Harris,2012-11-29,Ultraball
75,Brandon Bates,1989-01-20,Greatball
76,Jordan Thornton,1981-08-08,Greatball
77,Julie Perez,1981-10-03,Ultraball
78,Kristy Park,2006-01-17,Greatball
79,Ellen Brown,1972-01-14,Greatball
80,Ian Chung,1976-10-24,Pokeball
81,Joseph Smith,2003-12-19,Pokeball
82,Melissa Grant,1997-08-19,Pokeball
83,Julie Garcia,2009-02-04,Ultraball
84,Jeffrey Butler,1972-11-29,Greatball
85,Kristen Romero,2024-02-13,Greatball
86,Willie Bryan,1972-06-04,Greatball
87,Rachel Parsons,1995-10-19,Ultraball
88,Charles Greene,2019-10-29,Pokeball
89,Jennifer Love,2001-03-14,Ultraball
90,Daniel Harris,2009-05-14,Pokeball
91,Michelle Riley,2021-04-27,Greatball
92,Christopher Haynes,2013-07-22,Pokeball
93,Annette Mcpherson,1973-01-01,Greatball
94,Tina Martinez,2022-02-11,Ultraball
95,Jill Bennett,2010-07-27,Greatball
96,Tracy Miller,1971-04-06,Pokeball
97,Robert Jones,2018-11-17,Greatball
98,Lori Henderson,2010-03-01,Pokeball
99,James Gonzalez,1982-04-27,Pokeball
100,Natalie Nelson,1972-06-16,Pokeball
101,Steven Romero,2011-10-26,Greatball
102,Dominique Cantu,2003-11-22,Pokeball
103,Jeffrey Stewart,1996-05-19,Greatball
104,Eric Rodriguez,2016-03-02,Ultraball
105,Michelle Everett,1992-01-12,Pokeball
106,Deborah Mcguire,1985-10-27,Greatball
107,Caleb Brock,2001-10-08,Ultraball
108,Michelle Newman,1998-05-28,Greatball
109,Robert Mckinney,1999-02-03,Greatball
110,Mary Cooper,1985-04-28,Pokeball
111,Angel Johnson,1991-05-11,Greatball
112,Lisa Harris,1974-04-18,Ultraball
113,Katherine Rodriguez,1989-10-12,Pokeball
114,Matthew Baker,1994-02-09,Greatball
115,Donald Wallace,2009-04-08,Greatball
116,Jessica Rodriguez,2000-06-15,Greatball
117,Michelle Moreno,2013-02-17,Ultraball
118,Jessica Carpenter,1982-05-20,Ultraball
119,Daniel Harrison,1991-01-18,Greatball
120,Christopher Wallace,2010-01-03,Ultraball
121,Peter Lester,1984-08-08,Greatball
122,Sarah Peterson,2008-01-02,Ultraball
123,Kenneth Wright,1984-04-22,Ultraball
124,Tabitha Jensen,1983-06-15,Greatball
125,Jason Hall,2000-06-12,Ultraball
126,Teresa Miller,2002-09-19,Ultraball
127,Calvin Oneill,2020-08-18,Ultraball
128,Roger Young,2017-06-05,Ultraball
129,Randy Martin,1985-11-17,Ultraball
130,Henry Jones,1972-05-02,Ultraball
131,Christopher Steele,1972-07-28,Greatball
132,Cheryl Williams,1991-05-25,Ultraball
133,Alexandra Mitchell,1983-03-25,Greatball
134,James Cox,2003-02-08,Pokeball
135,Erin Lee,2001-08-03,Greatball
136,Dean Martinez,1973-07-23,Ultraball
137,Sean Lane,2020-10-24,Ultraball
138,Evan Park,2021-10-05,Pokeball
139,Gina Austin DVM,1971-02-28,Greatball
140,Sandra Frazier,1993-04-17,Pokeball
141,James Brown,1991-05-15,Pokeball
142,Linda Harris,2009-02-04,Pokeball
143,Tony Price,1998-09-27,Greatball
144,Kimberly Lopez,1979-02-06,Pokeball
145,Nicholas Clark,1994-06-12,Ultraball
146,Collin Tucker,2013-11-14,Ultraball
147,John Burton,1985-07-07,Greatball
148,Heidi Dixon,2000-11-16,Greatball
149,Russell Brown,2006-09-25,Greatball
150,Jamie Alvarez,2005-03-05,Greatball
151,Janet Acosta,1974-03-17,Greatball
152,Erica Scott,1975-06-29,Pokeball
153,Bryan Taylor,2006-02-03,Ultraball
154,Michaela Morris,2008-02-17,Pokeball
155,Kevin Brooks,2022-09-20,Pokeball
156,Lisa Sherman,1973-11-11,Greatball
157,Diana Meyer,2000-09-29,Greatball
158,Edward Jacobs,2016-05-19,Ultraball
159,Bradley Ortega,1986-05-06,Pokeball
160,Stephen Gordon Jr.,1985-01-28,Ultraball
161,Whitney Campbell,2016-10-17,Ultraball
162,Jasmine Davis,2011-12-20,Pokeball
163,Vanessa Walker,1979-02-08,Ultraball
164,Mrs. Brianna Sullivan,1990-10-04,Ultraball
165,Raymond Reed,2011-11-03,Ultraball
166,Christopher Hess,1987-06-21,Pokeball
167,Arthur Walker,1976-05-10,Ultraball
168,Travis Clark,2020-02-03,Ultraball
169,Carol Palmer,2021-09-12,Ultraball
170,Anthony Martinez,1988-12-12,Ultraball
171,Thomas Thompson,2005-11-23,Pokeball
172,Jacob Reid,2000-08-29,Greatball
173,Robert Burns,1999-11-01,Pokeball
174,Nathan Brown,1970-03-02,Pokeball
175,Virginia Harris,2016-09-04,Greatball
176,Joanne Smith,2016-01-07,Greatball
177,Sarah Perry,2021-01-08,Greatball
178,Thomas Williams,1989-11-14,Ultraball
179,Scott Vega,1983-01-18,Pokeball
180,Benjamin Brandt,2019-02-11,Greatball
181,Steven Harris,2008-06-07,Greatball
182,Candice Hatfield,1979-03-15,Greatball
183,Mark Buck,2013-01-31,Greatball
184,Roberta Cohen,2003-10-20,Pokeball
185,Julie Campbell,1980-07-29,Pokeball
186,John Jones,2011-11-27,Pokeball
187,Charles Wilson,2021-03-05,Ultraball
188,Ashley Short,1975-09-06,Pokeball
189,Robert Griffin,1985-03-29,Ultraball
190,Jenna Soto,2015-01-28,Pokeball
191,Mr. Peter Osborn,2012-03-03,Greatball
192,Tammy Hernandez,2003-10-21,Pokeball
193,Matthew Davidson,1972-09-26,Greatball
194,Dr. Travis Palmer,1993-06-06,Ultraball
195,Aaron Ferguson,1990-05-18,Ultraball
196,Tanya Williams,1994-11-22,Greatball
197,Ivan Peters,1972-05-16,Ultraball
198,Megan Clarke,1977-07-14,Ultraball
199,Maria Sullivan,2008-03-10,Ultraball
200,Brooke Randall,2002-12-01,Pokeball
201,Stephen Barker,1992-07-10,Ultraball
202,Douglas Merritt,1981-11-27,Ultraball
203,Rhonda Smith,2009-07-25,Ultraball
204,Dawn Mitchell,1984-09-25,Pokeball
205,James Simpson,2022-12-11,Pokeball
206,Kathryn Young,1994-06-26,Greatball
207,Mary Hall,2003-10-02,Greatball
208,Wyatt Crawford,1988-12-13,Greatball
209,Kelsey Hopkins DDS,1999-03-11,Ultraball
210,James Davis PhD,1993-09-17,Pokeball
211,Elaine Baker,1989-08-07,Pokeball
212,Robin Mcguire,1975-05-27,Ultraball
213,Heather Lee,2017-03-02,Greatball
214,Christopher Garcia,2006-10-10,Greatball
215,Jacob Hall,2018-06-03,Ultraball
216,Karen Vazquez,1994-01-05,Ultraball
217,Derek Rogers,1978-09-01,Pokeball
218,Denise Stephenson,1991-05-03,Greatball
219,Brittney Reed,1990-10-29,Greatball
220,Emily Castillo,1992-06-04,Ultraball
221,Roberta Guerrero,2001-01-07,Ultraball
222,Laurie Fitzgerald,2002-01-07,Ultraball
223,Donald Harris,2000-04-11,Ultraball
224,Sherry Payne,2015-12-31,Pokeball
225,Patricia Park,2006-12-10,Pokeball
226,Megan Wade,2021-01-31,Ultraball
227,Mark Robinson,1971-12-13,Ultraball
228,William Ryan,1988-07-09,Greatball
229,Richard Campbell,2013-06-06,Greatball
230,Alexandra Huber,2008-01-26,Greatball
231,Shawn Alvarez,2000-01-11,Ultraball
232,Molly Gray,1991-12-18,Ultraball
233,Dr. Jessica Maldonado MD,1987-09-26,Greatball
234,Charles Fernandez,1980-06-14,Greatball
235,Laura Hinton,2013-02-19,Ultraball
236,Angel Gilbert,1972-09-20,Greatball
237,Curtis Collins,1994-09-12,Pokeball
238,Jacob Clark,1981-07-07,Pokeball
239,Anna Gregory,2002-10-30,Ultraball
240,Todd Fuller,2013-03-21,Pokeball
241,Shannon Smith,1982-12-24,Ultraball
242,Carmen Cook,2000-02-25,Ultraball
243,John Morrison,1999-04-25,Pokeball
244,Tracey Mitchell,1971-08-20,Ultraball
245,Morgan Brooks,1995-02-04,Ultraball
246,Thomas White,1990-10-12,Ultraball
247,Shannon Perry,1973-05-04,Pokeball
248,Ian Lewis,2006-10-24,Greatball
249,Natalie Brooks,2013-08-05,Greatball
250,Edward Johnson,1989-12-21,Ultraball
251,Monica Padilla,1991-01-15,Pokeball
252,Cathy Stephenson,2016-10-24,Pokeball
253,Terri Elliott,2020-01-26,Greatball
254,Kayla Hurst,1996-06-05,Greatball
255,Brian Benton,2009-09-21,Ultraball
256,Mary Rowe,2008-01-14,Ultraball
257,Mark Anderson,2015-11-05,Ultraball
258,David Thomas,2006-03-23,Pokeball
259,John Mccarty,1987-11-30,Greatball
260,Dennis Jones,1998-05-27,Pokeball
261,Caleb Stephenson,2013-06-01,Pokeball
262,Lisa Bowman,1983-01-20,Pokeball
263,Colton Brown,2002-04-27,Pokeball
264,Jeffrey Ross,2012-12-02,Greatball
265,Tommy Mullins,1974-07-19,Ultraball
266,Shannon Harris,2021-11-28,Ultraball
267,Douglas Rosales,2023-01-28,Pokeball
268,Kelli Soto,2017-12-16,Ultraball
269,Justin Mills,2015-10-31,Ultraball
270,Brandon Perez,1991-08-14,Ultraball
271,Ryan Brown,1980-10-25,Pokeball
272,Elizabeth Rodriguez,2000-10-25,Pokeball
273,Sherry Cordova,1972-08-09,Ultraball
274,Alexandra Rodriguez,1991-09-25,Greatball
275,Darius Sanchez,2001-11-14,Greatball
276,Thomas Golden,1993-03-20,Ultraball
277,Jeffrey Steele,1981-06-08,Pokeball
278,Tyler Smith,1997-03-27,Ultraball
279,Donna Anderson,1985-05-25,Greatball
280,Richard Johnson,1990-07-21,Ultraball
281,Shawn Keller,1980-02-25,Pokeball
282,Jessica Wall,1992-07-28,Ultraball
283,Angela Miller,2012-07-11,Ultraball
284,Daniel Smith,2006-08-05,Pokeball
285,Angela Kelly,2014-09-28,Ultraball
286,Vernon Cook,1984-01-14,Pokeball
287,Erica Ward,2021-06-07,Greatball
288,Juan Mosley,1975-12-27,Greatball
289,Jacob Evans,2006-10-16,Greatball
290,Jasmine Fernandez,1977-03-29,Ultraball
291,James Murray,1991-06-13,Ultraball
292,Gabriel Smith,2014-01-21,Pokeball
293,Jason Montgomery,1988-09-21,Pokeball
294,Joseph George,2009-12-29,Ultraball
295,Miss Sara Fisher,1991-11-27,Ultraball
296,Abigail Wilson,1982-07-27,Pokeball
297,Alyssa Terrell,1986-05-20,Greatball
298,Robert Jones,2017-05-31,Ultraball
299,Daniel Jones,1970-12-22,Greatball
300,Cassandra Thompson,1975-12-04,Greatball
301,Brittany Johnson,2007-04-19,Ultraball
302,Monica Rogers,2003-11-23,Ultraball
303,Steven Williams,2000-12-29,Ultraball
304,James Reed,2003-08-26,Greatball
305,Jerome Garcia,2016-01-02,Greatball
306,Bryan Johnston,1983-01-28,Ultraball
307,Roy Nguyen,1975-12-13,Ultraball
308,George Juarez,2017-11-05,Ultraball
309,Alicia Weiss,2000-11-15,Ultraball
310,Mr. Keith Kane,2004-09-30,Pokeball
311,Paul Lewis Jr.,1986-12-14,Greatball
312,Bryan Church,1997-10-17,Ultraball
313,Glenn Vaughan,1992-05-12,Greatball
314,Andres Wright,2020-07-09,Ultraball
315,Deborah Hall,2015-10-30,Greatball
316,Erica Arnold,1979-06-04,Greatball
317,Emily Gardner,2017-08-05,Pokeball
318,Ana Thomas,1996-11-17,Ultraball
319,John Stone,1973-06-29,Ultraball
320,Michael Wright,1975-04-25,Greatball
321,Loretta West,1990-03-25,Ultraball
322,Daniel Grimes,2002-03-01,Ultraball
323,Michelle Tucker,1997-05-22,Ultraball
324,Hannah Fisher,1979-05-29,Pokeball
325,Melissa Jackson,2002-03-18,Ultraball
326,Elizabeth Warren,2014-07-12,Greatball
327,David Morris,1987-02-15,Ultraball
328,Sean White,1971-01-01,Greatball
329,Thomas Roberts,1995-01-02,Pokeball
330,Jimmy Lee,2000-11-20,Greatball
331,Tracie Bell,2012-02-07,Ultraball
332,William Stokes,2003-11-26,Pokeball
333,Teresa Vargas,2022-08-26,Pokeball
334,Mr. Carlos Anderson,1998-08-06,Greatball
335,Mr. Anthony Smith,2020-04-27,Greatball
336,Hannah Thomas,2021-12-01,Pokeball
337,Mr. Manuel Palmer,1977-02-07,Pokeball
338,Catherine Bruce,1982-06-16,Ultraball
339,Debra Brown,1988-05-30,Ultraball
340,Randy Cook,2007-07-05,Ultraball
341,Crystal Elliott,2005-08-18,Greatball
342,Kathryn Allen,1982-03-06,Greatball
343,Shannon Hart,1977-08-16,Pokeball
344,Samantha Rich,2011-03-16,Greatball
345,Tanner Anderson,2015-12-25,Ultraball
346,Joseph Thompson,2000-08-21,Greatball
347,Sarah Ballard,2006-12-14,Greatball
348,Sandra Allen,1974-05-25,Greatball
349,Billy Petersen DDS,1988-08-22,Ultraball
350,Laura Watson,1970-05-21,Greatball
351,Victoria Morrow,1999-05-10,Ultraball
352,Dennis Wheeler,2019-09-25,Ultraball
353,William Baker,2001-11-09,Greatball
354,Timothy Wells,1991-06-09,Greatball
355,Valerie Salas,1986-10-03,Greatball
356,Cynthia Combs,1996-05-09,Ultraball
357,John Frazier,1984-11-15,Pokeball
358,Rebekah Collins,1973-01-13,Greatball
359,Rachel Morales,2009-09-09,Pokeball
360,Veronica Wiggins,1970-05-15,Pokeball
361,Anthony Vincent,2010-12-25,Greatball
362,Joshua Bush,2001-06-02,Pokeball
363,Gina Lutz,1995-05-13,Ultraball
364,Thomas Lloyd,2024-03-19,Pokeball
365,David Reed,2016-12-12,Ultraball
366,Sarah Villa,2019-07-09,Pokeball
367,Roger Mata,2005-01-30,Greatball
368,Robert Nelson,1990-02-07,Greatball
369,Kathryn Robertson,2016-04-02,Greatball
370,Barbara Rice,2009-01-19,Pokeball
371,Mathew Branch,2018-02-01,Greatball
372,Julia Jackson,1996-03-08,Ultraball
373,Emma Jones,1989-02-24,Greatball
374,Victor Jensen,2006-08-03,Greatball
375,Melissa Vega,1975-10-01,Pokeball
376,Leslie Salas,1979-02-13,Ultraball
377,Tony Miller,2019-05-11,Ultraball
378,Thomas Ruiz,2003-12-22,Greatball
379,Kaitlin Roberts,1986-12-09,Pokeball
380,Joan Gutierrez,1973-05-23,Greatball
381,David Cole,1994-05-01,Ultraball
382,Pamela Owens,1974-08-02,Pokeball
383,Bruce Russell,2019-09-27,Ultraball
384,Kenneth Patel,2005-03-04,Greatball
385,Micheal Mendoza,1983-01-18,Greatball
386,Erika Schneider,2023-07-20,Pokeball
387,Christina Rogers,1988-04-22,Pokeball
388,Michael Haley,1988-04-21,Ultraball
389,Nina Wilson,1980-04-19,Ultraball
390,Sarah Perez,1987-04-17,Ultraball
391,Brian Wood,2002-10-07,Pokeball
392,Ariana Brown,1972-04-15,Pokeball
393,Pamela Diaz,1979-08-16,Pokeball
394,Melinda Peters,2010-07-02,Ultraball
395,Benjamin Sullivan,2020-04-03,Ultraball
396,Michelle Wright,2001-10-28,Greatball
397,Stacey Stokes,1996-03-27,Ultraball
398,Matthew Scott,2002-04-11,Pokeball
399,Paul Vasquez,1998-07-06,Pokeball
400,Alan Velazquez,2022-04-11,Ultraball
401,Claudia Lindsey,1984-06-16,Greatball
402,Michael Mitchell DDS,1983-12-07,Pokeball
403,Phyllis Zimmerman,1970-08-22,Pokeball
404,Matthew Lopez,1989-12-31,Greatball
405,Heidi Coleman,1981-08-21,Pokeball
406,Timothy Lawrence,1993-04-15,Pokeball
407,Isaac Solis,2014-04-28,Pokeball
408,Christine Johnson,2008-12-23,Ultraball
409,Lisa Daniel,1997-11-08,Ultraball
410,Craig Nguyen,1984-08-04,Ultraball
411,Kelly Smith,2010-02-26,Ultraball
412,Henry George,1996-03-30,Ultraball
413,Ethan Henderson,1997-12-04,Pokeball
414,Connie Flores,1987-04-11,Pokeball
415,Jeffrey Frye,1998-09-26,Greatball
416,Michael Sims,2024-01-27,Greatball
417,Lisa Young,1995-05-16,Pokeball
418,Laura Tran,2015-05-07,Pokeball
419,Maureen Harris,2019-04-24,Ultraball
420,Sandra Woods,1979-11-02,Pokeball
421,Bonnie Jones,1982-05-03,Ultraball
422,Valerie Horton,1975-11-08,Pokeball
423,Shaun Washington,1975-10-03,Pokeball
424,Shawna Campbell,1997-07-21,Greatball
425,Jordan Jacobs,1992-08-30,Pokeball
426,Jennifer Parker,1994-08-11,Ultraball
427,Mrs. Kelly Smith DVM,1982-06-14,Greatball
428,Christopher Luna,1986-10-21,Ultraball
429,Mr. Albert Moore PhD,2010-02-09,Ultraball
430,William Scott,2006-09-14,Ultraball
431,Elizabeth Cabrera,2016-12-14,Greatball
432,Valerie Benson,2020-12-12,Ultraball
433,Hunter Oneill,2017-08-03,Ultraball
434,Keith Gonzales,2016-08-22,Pokeball
435,Jamie Richard,2017-11-08,Pokeball
436,Sherry Wilson,2010-10-01,Pokeball
437,Hannah Sawyer,2013-03-08,Pokeball
438,Paul Hartman,1988-01-16,Ultraball
439,Sandra Jones,1993-07-06,Greatball
440,Amber Walter,1983-06-08,Greatball
441,Jeffrey Hensley,1971-08-14,Greatball
442,Thomas Snyder,1988-10-10,Pokeball
443,Taylor Medina,1998-04-27,Greatball
444,Nicole Hansen,2015-04-20,Pokeball
445,Shannon Morales,1986-07-29,Ultraball
446,David Newman,2016-07-28,Ultraball
447,Gloria Thompson,2023-10-08,Pokeball
448,Theresa Avery,1970-10-11,Pokeball
449,Shawn Caldwell,2006-06-28,Greatball
450,Anita Morris,2011-09-29,Greatball
451,Matthew Meyers,1998-06-14,Greatball
452,Thomas Humphrey,1975-01-26,Pokeball
453,Jennifer Jones,2010-08-17,Ultraball
454,Ashley Anderson,2007-05-12,Greatball
455,Shane Mahoney,1999-09-26,Pokeball
456,Linda Barajas,2022-06-14,Greatball
457,Natalie Andrews,2002-03-21,Greatball
458,Jessica Vazquez,1982-11-11,Pokeball
459,Tracy West,1989-04-07,Greatball
460,George Duncan,2014-09-23,Greatball
461,Ashley Kent,2003-02-11,Pokeball
462,Chad Gordon,2004-09-05,Ultraball
463,Nathan Moreno,2003-01-01,Pokeball
464,Eddie Williams,1989-06-23,Greatball
465,Robert Wood,2017-09-13,Pokeball
466,Brittany Davis,1994-12-06,Greatball
467,Kathy Salas,1971-05-02,Ultraball
468,Ronald Ramsey,2023-09-18,Pokeball
469,Anita Robinson,2023-02-28,Ultraball
470,Eric Wheeler,1991-01-17,Pokeball
471,Christian Rodriguez DDS,2008-01-11,Greatball
472,Cheryl Jenkins,1986-12-17,Ultraball
473,Kenneth Mcgrath,1989-03-26,Greatball
474,Robin Mcclure,1986-07-01,Pokeball
475,Julie Cole,2007-09-12,Ultraball
476,Candace Garcia,2001-09-17,Pokeball
477,Jennifer Mejia,1970-09-17,Greatball
478,Scott Ellis,2004-05-30,Ultraball
479,Elizabeth Jones,1991-06-23,Ultraball
480,Melissa Perez,1997-09-13,Greatball
481,Tonya Kim,1999-01-27,Greatball
482,David Booth,1982-07-20,Pokeball
483,Joshua Key,1971-04-22,Ultraball
484,Megan Morales,2007-12-22,Ultraball
485,James Peters,2002-10-23,Pokeball
486,Paul Washington,1990-05-27,Ultraball
487,Ryan Ward,1982-04-09,Greatball
488,Keith Dennis,1986-01-25,Pokeball
489,Eric Davis,2013-10-03,Ultraball
490,Veronica Thompson,1973-09-22,Greatball
491,Lauren Kelley,1995-12-15,Ultraball
492,David Hansen,1974-02-20,Ultraball
493,Jennifer Kim,2008-11-23,Greatball
494,Amy Allen,1970-06-29,Pokeball
495,Beth Sherman,1987-12-10,Ultraball
496,Daniel Lamb,2006-12-10,Greatball
497,Megan Smith,1977-03-06,Greatball
498,Taylor Greer,1970-10-12,Greatball
499,Christopher Swanson,1989-03-21,Greatball
500,Amy Hawkins,2007-10-28,Pokeball
501,Erica Hill,1997-01-06,Pokeball
502,Jamie Tyler,2005-10-30,Greatball
503,Calvin Hickman,2000-10-11,Pokeball
504,Derek Ortiz,2017-10-03,Ultraball
505,Charles Washington,1990-06-12,Ultraball
506,Brett Cole,1978-05-02,Ultraball
507,Amanda Hoffman,2006-08-04,Greatball
508,Dawn Duran,1999-08-29,Ultraball
509,Jesus Frey,1980-08-29,Greatball
510,Chad Keller,2004-10-18,Greatball
511,William Thomas,2020-09-24,Pokeball
512,Linda Hutchinson,2023-09-25,Pokeball
513,Stephen Chang,2017-08-27,Ultraball
514,Jessica Perkins,1995-01-04,Ultraball
515,Luke Hernandez,1983-01-02,Greatball
516,David Andrews,2020-12-08,Pokeball
517,Sonya Moore,2023-07-02,Ultraball
518,Alexander Taylor,1986-04-07,Pokeball
519,Megan Kidd,1986-12-10,Pokeball
520,Debra Evans,2020-05-25,Ultraball
521,Aaron Brown,1987-07-24,Greatball
522,Susan Adams,1976-04-05,Greatball
523,Douglas Conway,1983-07-01,Ultraball
524,Matthew Edwards,1973-05-18,Pokeball
525,Michael Dyer,1989-06-10,Greatball
526,Paul Potts,1995-09-01,Pokeball
527,Paul Williams,1982-12-02,Greatball
528,Robin Bernard,2011-12-10,Greatball
529,Jennifer Sullivan,1983-10-20,Greatball
530,Andrea Burke,1978-11-03,Pokeball
531,Mark Hayes,1989-06-05,Pokeball
532,James Thomas,1985-08-02,Greatball
533,Megan Cooper,2004-12-30,Pokeball
534,Elizabeth Giles,1991-01-31,Ultraball
535,Shelly Coleman,1986-01-10,Greatball
536,Carolyn Jackson,1988-05-20,Pokeball
537,Charles Obrien,2014-07-15,Pokeball
538,Jose Vazquez,2010-04-07,Pokeball
539,Angela Smith,1993-09-02,Pokeball
540,Troy Cross,1986-12-20,Pokeball
541,Misty Riley,2017-02-20,Ultraball
542,John Rose,2004-06-29,Pokeball
543,Barbara Johnston,2007-06-22,Pokeball
544,Meredith Molina,2014-01-14,Ultraball
545,Angela Irwin,1984-01-31,Greatball
546,Brenda Rivera,1975-04-05,Greatball
547,David Green,1980-06-05,Greatball
548,Steven Jones,2022-06-08,Greatball
549,Corey Walton,2004-05-02,Greatball
550,Tammy Sanchez,1975-01-02,Ultraball
551,Jaime Rodriguez,1990-12-14,Ultraball
552,John Ramirez,2013-12-20,Pokeball
553,William Wilson,2010-03-24,Ultraball
554,Sarah Mathews,2000-01-16,Greatball
555,Robert Williams,2012-10-17,Pokeball
556,Lori Horton,2010-10-29,Pokeball
557,Tamara Gill,1976-01-10,Greatball
558,Nathaniel Moore,1993-08-02,Greatball
559,Jason Banks,1973-02-12,Greatball
560,Karen Johnson,1996-06-11,Greatball
561,Maria Gomez,1979-01-05,Pokeball
562,Debra Mccall,1995-06-15,Ultraball
563,Diane Vargas,2016-11-06,Ultraball
564,Sonia Kelly,1972-10-26,Pokeball
565,Ms. Paula Levy,1972-10-15,Ultraball
566,James Davenport,2011-01-29,Ultraball
567,Jack Mitchell,1990-08-07,Ultraball
568,Megan Parsons,1989-07-17,Ultraball
569,Nathan Carter,1976-05-15,Ultraball
570,Michael Wolfe,2015-08-24,Ultraball
571,Logan Sims,1980-08-31,Greatball
572,Stephanie Lowery,1988-05-11,Ultraball
573,Julie Stanley,2002-01-31,Ultraball
574,Sharon Stone,2018-11-13,Pokeball
575,Shane Taylor,1990-02-01,Greatball
576,Jaclyn Garcia,1973-06-17,Greatball
577,Holly Barnes,2006-04-23,Greatball
578,Ann Williams,1983-12-02,Pokeball
579,Dr. Samuel Chambers,2014-10-20,Pokeball
580,Justin Curry,1973-01-21,Ultraball
581,Emily Malone,2022-03-16,Ultraball
582,Mark Woodard,1972-03-13,Ultraball
583,Jay Mcdaniel,1985-11-29,Ultraball
584,Diane Brown,1983-05-04,Greatball
585,Terry Mcgee,1983-04-20,Ultraball
586,Jennifer Thomas,2016-09-04,Ultraball
587,Michele Andrews,2008-08-14,Pokeball
588,Natalie Anderson,1983-10-21,Greatball
589,Mia Lewis,2007-09-08,Greatball
590,Stephanie Lopez,2014-01-04,Pokeball
591,Janet Lawson,2009-09-01,Pokeball
592,Keith Brown,2002-02-02,Pokeball
593,Joseph Martin,1999-08-27,Greatball
594,Ryan Ashley,2010-04-10,Pokeball
595,Charles Baker,1990-03-09,Ultraball
596,Brittany Barnett,2019-11-01,Greatball
597,Kari Meyer,1996-04-05,Ultraball
598,Olivia Smith,2016-08-16,Pokeball
599,Christine Schultz,2010-09-01,Pokeball
600,Lynn Rivera,1973-09-25,Greatball
601,Brian Peck,1992-08-22,Pokeball
602,Timothy Nelson,2007-06-01,Pokeball
603,Robert Rowe,1999-09-26,Greatball
604,Ashley Savage,1995-04-27,Greatball
605,Emily Burgess,1993-08-15,Pokeball
606,Paul Henderson,2008-08-02,Pokeball
607,Jeffrey Brown,2013-03-06,Pokeball
608,Thomas Clark,2013-12-18,Pokeball
609,Patricia Young,2018-08-14,Pokeball
610,Amanda Allen,2011-03-23,Greatball
611,Crystal Dixon,2004-08-23,Pokeball
612,Dana Butler,1970-06-16,Greatball
613,Dr. Alex Walter MD,1994-11-19,Ultraball
614,Elizabeth Mcdaniel,1970-07-10,Greatball
615,Brian Jimenez,1981-02-20,Greatball
616,Nicole Cherry,2017-08-10,Pokeball
617,Kathryn Soto,1980-09-09,Ultraball
618,Christine Campbell,1974-06-27,Greatball
619,Jennifer Robertson,1989-09-09,Ultraball
620,Lauren Shaw,1976-09-11,Ultraball
621,Tammy Edwards,2003-08-11,Ultraball
622,Gregory Stone,2003-12-13,Ultraball
623,Clifford Turner,2010-02-22,Ultraball
624,Brandon Smith,2020-08-20,Pokeball
625,Rebecca Nixon,2017-07-02,Pokeball
626,Christopher Lynch,2007-07-09,Ultraball
627,Adam Cox,2016-02-04,Pokeball
628,Steven Obrien,2018-03-14,Ultraball
629,Sara Bailey,2009-11-13,Greatball
630,Alexander Miller,2009-07-01,Ultraball
631,Jennifer Garza,2019-07-21,Greatball
632,Ann Grant,2012-01-08,Greatball
633,Candice Powell,1986-04-09,Greatball
634,Adam Stewart,2017-01-29,Greatball
635,George Obrien,2008-08-21,Greatball
636,Chris Wright,1986-11-01,Pokeball
637,Annette Richardson,1978-01-29,Ultraball
638,Stephanie Christian,2005-02-22,Greatball
639,Holly Barnes,1999-02-21,Greatball
640,Amber Lowery,1987-10-16,Pokeball
641,James Davies,2002-06-22,Ultraball
642,Jon Edwards,1979-10-29,Greatball
643,Ryan Garcia,1978-05-25,Pokeball
644,Tracey Williams,1987-04-03,Ultraball
645,Christina Mathis,1972-09-16,Ultraball
646,Jimmy Delacruz,2005-08-21,Greatball
647,Michael Hall,2014-05-30,Ultraball
648,Matthew Anderson,2006-05-05,Ultraball
649,Emily Lee,1980-07-27,Greatball
650,Arthur Porter,1973-12-23,Ultraball
651,Ana James,1980-07-13,Pokeball
652,Donald Johnson,1987-07-24,Pokeball
653,Alicia Robles,1985-05-06,Pokeball
654,Christopher Patrick,1976-03-04,Pokeball
655,Christopher Hudson Jr.,2008-07-28,Ultraball
656,Holly Warner,1970-09-23,Ultraball
657,Jeff Marshall,1985-05-31,Ultraball
658,Felicia Hurst,2020-08-04,Pokeball
659,Edward Marshall,1979-06-16,Pokeball
660,Paul Bryant,1973-04-13,Greatball
661,Casey Singh,1989-01-01,Greatball
662,Marissa Shaw,2020-11-02,Ultraball
663,Henry Thornton,2013-03-12,Pokeball
664,Joshua Blake,1976-12-10,Ultraball
665,Ryan Richardson DDS,1986-10-18,Greatball
666,Kevin Mueller,2003-10-09,Greatball
667,David Johnson,2017-09-16,Greatball
668,Kyle Jones,2012-11-30,Pokeball
669,Jeff Russell,2014-09-28,Greatball
670,Lisa Werner,1970-07-17,Greatball
671,Daniel Lawson,2005-01-07,Pokeball
672,Kim Oliver,1998-04-17,Greatball
673,Elizabeth Alexander,1992-11-14,Ultraball
674,Fred Allen,1979-12-07,Pokeball
675,Hannah Allen,1976-07-11,Greatball
676,Karen Davis,1972-11-23,Ultraball
677,Corey Warren,2006-10-24,Greatball
678,Jordan Jones,1979-10-05,Ultraball
679,Dr. Joseph Lewis,2020-02-13,Pokeball
680,Susan Kim,1998-02-11,Greatball
681,Margaret Wong,1990-04-25,Greatball
682,Leah Solis,1983-07-29,Ultraball
683,Kevin Gutierrez,2013-09-03,Pokeball
684,Chad Stephens,2004-06-08,Pokeball
685,Andrew Taylor,1992-07-07,Ultraball
686,Lindsey Smith,1999-08-07,Ultraball
687,Benjamin Clark,2016-03-02,Greatball
688,Bruce Williams,1979-11-18,Greatball
689,John Waller,1980-09-08,Ultraball
690,Lisa Nolan,2008-10-14,Ultraball
691,Travis Smith,2004-12-21,Greatball
692,Andrea Taylor,1993-05-17,Pokeball
693,Shannon Robinson,1985-12-04,Greatball
694,Jerry Warren,2021-01-26,Pokeball
695,Shawn Ramirez,2010-02-26,Pokeball
696,Michael Brown,2001-12-09,Ultraball
697,Michele Murray,1994-02-21,Ultraball
698,Steven Williams,2014-05-31,Greatball
699,Heather Vincent,2011-06-25,Ultraball
700,Blake Newton MD,2000-10-02,Ultraball
701,Timothy Moore,2023-09-29,Ultraball
702,Amy Moore,1992-12-07,Ultraball
703,Travis Underwood,1995-10-07,Greatball
704,Carlos Montoya,1986-07-13,Pokeball
705,Pamela Rice,1992-12-05,Greatball
706,Daniel Garrett,1997-10-03,Pokeball
707,Eric Hall,2020-03-03,Greatball
708,Billy Vazquez,1991-01-18,Ultraball
709,Randy Smith,2015-09-20,Pokeball
710,Caroline Lewis,1990-01-12,Ultraball
711,Christine Smith,2022-02-25,Greatball
712,Tristan Hardy,2020-04-29,Greatball
713,Steven Hill,1991-10-31,Greatball
714,Victoria Burke,2003-06-06,Ultraball
715,Michelle Sanchez,1977-10-03,Ultraball
716,Derek Aguilar,1990-09-12,Greatball
717,Terry Shepard,1990-09-12,Ultraball
718,Eileen Parsons,2008-10-07,Pokeball
719,Amy Taylor,1990-02-09,Ultraball
720,Carl Morrison,2013-03-18,Pokeball
721,Anthony Taylor,1975-05-08,Ultraball
722,Tracey Crawford,2015-09-25,Greatball
723,Jeanette Gill,2011-12-06,Pokeball
724,Anthony Allen,1980-11-16,Pokeball
725,Catherine Vasquez,1988-10-03,Pokeball
726,Brandon Carter,2014-03-17,Ultraball
727,Jamie Rodriguez,2003-11-18,Ultraball
728,Stephen Roy,1979-03-14,Pokeball
729,Olivia Spears,2002-06-21,Pokeball
730,Sarah Johnson,2003-10-30,Pokeball
731,Luis Murray,1999-09-24,Greatball
732,Kevin Brady,1984-11-20,Pokeball
733,Stephanie Robinson,2008-04-23,Ultraball
734,Mark Maldonado,1989-06-06,Ultraball
735,Justin Powell,1970-09-24,Ultraball
736,Nathan Swanson,2000-01-10,Greatball
737,Rachel Quinn,2012-07-13,Greatball
738,Stacey Cochran,2008-10-18,Ultraball
739,Adam Berg,2016-09-22,Ultraball
740,Rachel Ramos,1995-04-01,Greatball
741,Mary Rocha,1994-02-24,Greatball
742,Carmen Gardner,2013-01-02,Greatball
743,Jennifer Evans,1980-09-23,Greatball
744,Stephanie Chambers,2005-11-20,Greatball
745,Stephen Turner,2012-06-05,Greatball
746,Gary Young,2010-04-04,Greatball
747,Anthony Dickson,1997-06-25,Ultraball
748,Daniel George,1981-10-01,Pokeball
749,Charles Scott,2003-05-19,Greatball
750,David Snow,2021-07-05,Greatball
751,Sheri Ryan,2012-12-25,Greatball
752,James Turner,1974-09-08,Pokeball
753,Daniel Vance,1970-12-19,Ultraball
754,Gary Graham,1997-03-21,Ultraball
755,Candace Fleming,2018-04-07,Greatball
756,Karen Thomas,2008-03-06,Pokeball
757,George Torres,1986-11-24,Greatball
758,Charles Sandoval,1996-12-30,Greatball
759,Gregory Manning,2018-10-28,Ultraball
760,Dennis Murray,2016-02-05,Greatball
761,Victoria Salas,2010-09-07,Ultraball
762,James Phillips,2005-05-28,Greatball
763,William Armstrong,1970-08-13,Greatball
764,Brian Ellis,2011-11-30,Ultraball
765,Charles English MD,1990-10-27,Greatball
766,Tyler Thomas,2022-01-14,Greatball
767,Joseph Wilcox,1976-12-26,Greatball
768,John Park,2017-07-30,Ultraball
769,Matthew Nash,1990-06-30,Pokeball
770,Kathryn Hawkins,1983-11-18,Greatball
771,Daniel Nelson,2018-08-01,Ultraball
772,Karen Sexton,2008-09-26,Greatball
773,Nathan Kelley,2009-07-15,Ultraball
774,Joseph Walker,1999-07-23,Pokeball
775,Deborah Weaver,1970-09-18,Ultraball
776,Jacqueline King,1981-06-13,Greatball
777,Mark King,1986-10-01,Pokeball
778,Michelle Schwartz,2014-01-20,Greatball
779,Jennifer Smith,2023-03-07,Pokeball
780,Alicia Jimenez,2018-03-29,Ultraball
781,Thomas Stewart,1990-09-13,Ultraball
782,Robert Garcia,1974-11-14,Pokeball
783,Jessica Boyd,2016-12-25,Ultraball
784,Mark Holmes,2010-07-16,Greatball
785,Troy Smith,2018-11-19,Greatball
786,Kelly Acosta,2004-01-25,Greatball
787,Rita Clark,1985-09-12,Greatball
788,Brandy Cruz,2014-11-18,Ultraball
789,Jennifer Kane,1992-10-18,Ultraball
790,Michael Becker,1974-08-08,Ultraball
791,Daniel Smith,2022-03-18,Ultraball
792,Gina Jones,1995-05-25,Ultraball
793,Henry Cobb,1971-11-14,Greatball
794,Laura Ayala,1992-09-29,Ultraball
795,Adam Thompson,2006-07-23,Ultraball
796,Sandra Carey,2012-11-28,Ultraball
797,Jennifer White,1984-02-02,Ultraball
798,John Krueger,1991-11-09,Ultraball
799,Kristen Diaz,1984-01-26,Greatball
800,Donna Ramos,2023-11-28,Greatball
801,Scott Bennett,2013-09-28,Ultraball
802,Mary Daugherty,1972-11-25,Ultraball
803,Michael Taylor,1992-01-16,Pokeball
804,Daniel Mcgee,1979-08-03,Pokeball
805,Robert Anderson,1997-03-05,Greatball
806,Juan Williams,1995-03-03,Ultraball
807,Joe Young,1971-06-19,Pokeball
808,Alyssa Frey,1998-05-06,Greatball
809,Vanessa White,1987-01-27,Ultraball
810,Joshua Powell,2007-10-09,Ultraball
811,Mary Johnson,2021-01-27,Ultraball
812,Bradley Henry,1973-06-20,Pokeball
813,Raven Spencer,1991-06-14,Greatball
814,Omar Ryan,2017-11-08,Pokeball
815,Nicole Perry,1972-12-12,Greatball
816,Brandi Edwards,2013-09-05,Greatball
817,Tonya Taylor,1982-07-19,Pokeball
818,Terry Gross,1988-06-29,Ultraball
819,Nicole Jones,2009-06-25,Pokeball
820,James Lyons,1993-02-08,Pokeball
821,Tiffany Patterson,2003-12-18,Greatball
822,George Morrison,2000-11-13,Greatball
823,Tammy Stanley,1979-01-04,Greatball
824,Kristy Gray MD,2011-07-27,Greatball
825,Megan Hernandez,1994-08-17,Pokeball
826,Theresa Zamora,1976-05-13,Pokeball
827,Randy Smith,2006-01-21,Ultraball
828,Shawna Vargas,1979-01-24,Pokeball
829,John Silva,1978-11-22,Ultraball
830,Priscilla Jones,1974-09-10,Ultraball
831,Joshua Horton,2016-01-26,Ultraball
832,Alyssa Holloway,2009-10-31,Ultraball
833,April Ramos,2012-09-09,Greatball
834,Alexandria Holmes,2014-04-29,Ultraball
835,Nancy Jackson,2006-10-16,Pokeball
836,Gabrielle Rodriguez,2013-02-15,Greatball
837,Joy Rivera,2017-12-01,Pokeball
838,Jennifer Griffin,1997-10-08,Greatball
839,Mia Palmer,1995-08-23,Pokeball
840,Jessica Lozano,1973-05-22,Pokeball
841,Dawn Petersen,2013-03-10,Pokeball
842,Joseph Anthony,1973-01-21,Ultraball
843,Harold Lopez,1971-01-31,Ultraball
844,Tamara Horton,1993-12-08,Pokeball
845,Sonya Miller,2010-08-16,Pokeball
846,Teresa Diaz,1977-07-25,Greatball
847,Gary Nunez,2010-11-04,Greatball
848,Joshua Reeves,2015-04-28,Ultraball
849,Maurice Crosby,2012-08-28,Greatball
850,Hannah Robinson,1983-06-28,Greatball
851,Daniel Mcintosh,2016-02-11,Greatball
852,Robert Marshall,2010-03-17,Pokeball
853,Rebecca Alvarado,1999-12-18,Pokeball
854,Mary Thompson,2023-03-11,Greatball
855,David Watson,1972-12-14,Ultraball
856,Carolyn Smith,1990-04-04,Ultraball
857,Timothy Shaw,1999-12-30,Pokeball
858,Joshua Carpenter,2014-01-01,Pokeball
859,Stephen Lee,1989-09-20,Ultraball
860,Austin Dyer,2018-06-20,Pokeball
861,Christopher Perkins,1984-10-03,Ultraball
862,William Rios,2009-03-28,Greatball
863,Kimberly Berger,1978-07-25,Greatball
864,Justin Hansen,2003-01-01,Greatball
865,Brandy Hernandez,2017-11-26,Ultraball
866,Susan Ramsey,1970-06-16,Pokeball
867,Shannon Gonzalez,1988-05-02,Pokeball
868,Nicholas Mckinney,1979-04-12,Ultraball
869,Mr. Jordan Ruiz,1978-09-04,Pokeball
870,Melissa Duncan,1998-10-12,Pokeball
871,Robert Jones,2008-06-02,Pokeball
872,Gerald Robinson,1975-09-01,Ultraball
873,Kimberly Hunt,1970-10-15,Ultraball
874,Donald Shelton,1977-12-23,Ultraball
875,Henry Burnett,2023-06-16,Ultraball
876,Angela Turner,2007-05-20,Pokeball
877,Mrs. Ashley Brown DDS,1996-09-02,Greatball
878,Jessica Howard,2008-12-29,Ultraball
879,Gary Graham,1984-03-22,Ultraball
880,Todd Davis,1993-03-29,Ultraball
881,Scott Potter,2008-04-11,Greatball
882,Cindy Powell,2001-12-10,Pokeball
883,Vincent Medina,1993-07-04,Pokeball
884,Sarah Green,2000-08-11,Greatball
885,Carl Nunez,2001-08-17,Pokeball
886,Daniel White,1981-11-19,Pokeball
887,Sara Rivera,1970-01-17,Pokeball
888,Michelle Day,2021-03-08,Pokeball
889,Angela Jordan,1997-02-02,Ultraball
890,Oscar Mitchell,2012-09-02,Ultraball
891,Christine Baker,1997-03-13,Pokeball
892,Kimberly Russell,2011-02-03,Ultraball
893,Raymond Diaz,1992-07-05,Ultraball
894,James Cook,2000-05-30,Greatball
895,Courtney Townsend,1995-08-18,Pokeball
896,Caleb Atkinson,1991-03-31,Pokeball
897,Rebekah Dudley,1990-02-07,Greatball
898,Patrick Mathews,1990-10-05,Ultraball
899,Stephen Cannon,1972-05-28,Greatball
900,Dr. Jennifer Blankenship,1976-08-30,Ultraball
901,Amber Mata,1977-08-13,Ultraball
902,Karen Villanueva,1978-03-15,Pokeball
903,Jenna Martinez,2024-02-22,Greatball
904,Destiny Alvarez,2008-10-08,Greatball
905,Susan Woods,1984-03-29,Greatball
906,Stephanie Solomon,1975-12-07,Ultraball
907,Debra Jarvis,1995-04-05,Greatball
908,Shelley Hatfield,2024-04-11,Pokeball
909,Taylor Mendez,2014-04-01,Greatball
910,Peter Lowe,1990-12-12,Greatball
911,Jane Bush,2005-10-15,Pokeball
912,Madison Silva,1991-06-04,Ultraball
913,Amy Woods,2015-04-21,Ultraball
914,Jamie Smith,2011-05-09,Greatball
915,Justin Stevenson,2011-10-30,Pokeball
916,Penny Archer,2019-02-09,Greatball
917,Alyssa Hill,2011-09-13,Pokeball
918,Thomas Mcdowell,1982-04-03,Pokeball
919,Wayne Foley,1977-10-04,Greatball
920,Donald Wright,1981-07-13,Greatball
921,Jay Gibson,2016-10-27,Greatball
922,Sean Smith,1983-10-27,Pokeball
923,Leslie Church,1973-09-19,Pokeball
924,Mary Pierce,1985-12-06,Pokeball
925,Pamela Campbell,2018-05-18,Pokeball
926,Peter Vang,2010-05-23,Pokeball
927,William Bell,2004-12-04,Ultraball
928,Kayla Lee,2008-10-25,Pokeball
929,Joseph Ruiz,1981-08-24,Pokeball
930,Duane Roberts,1987-11-10,Pokeball
931,Melissa Smith,2020-10-24,Greatball
932,Timothy Marquez,1974-02-21,Ultraball
933,Eric Monroe,1992-01-04,Ultraball
934,Amanda Cooper,2007-02-08,Pokeball
935,William Wilson,2016-02-09,Greatball
936,Dawn Kelly,1980-02-11,Pokeball
937,Shelia James,1989-01-14,Greatball
938,Scott Craig,2011-08-19,Greatball
939,Nicholas Williams,2020-11-01,Ultraball
940,Jeff Rodriguez,2016-10-30,Pokeball
941,Kylie Ryan,2014-01-07,Greatball
942,Matthew Zamora,1972-03-11,Pokeball
943,Wayne Patton,1972-04-18,Pokeball
944,Rachel Lee,1979-11-19,Pokeball
945,Daniel Clark,1991-06-29,Ultraball
946,Craig Kelly,1992-08-05,Pokeball
947,Joshua Thompson,2005-11-05,Greatball
948,Levi Holland,2012-02-08,Greatball
949,Nichole Baker,2005-09-16,Pokeball
950,Michael Reyes,2013-03-11,Greatball
951,Angel Young,2001-06-17,Greatball
952,Richard Underwood,1976-10-12,Ultraball
953,Mr. Bobby Townsend,2000-11-28,Pokeball
954,Jennifer Larson,2010-11-14,Greatball
955,David Nguyen,2015-06-24,Pokeball
956,Nicole Wilson,1974-06-27,Greatball
957,Christopher Hill,2010-07-17,Pokeball
958,Michael Stevenson,2000-12-06,Pokeball
959,Bethany Oneal,1970-07-04,Pokeball
960,Benjamin Caldwell,2019-09-13,Greatball
961,Barbara Torres,2002-10-16,Greatball
962,Matthew Salas,2015-07-27,Ultraball
963,Alexander Thomas,1979-02-09,Ultraball
964,Vickie Kirby,1988-09-03,Ultraball
965,Ashley Hayes,2015-02-01,Pokeball
966,Mario Sutton,1976-03-20,Greatball
967,George Good,1977-10-15,Pokeball
968,Gregory Allen,1972-05-15,Ultraball
969,David Caldwell,2017-05-04,Pokeball
970,Steven Roberts MD,1993-05-13,Pokeball
971,Scott Bishop,2001-09-05,Greatball
972,Mike Ross,2021-08-30,Ultraball
973,Shaun Grant,1990-06-18,Pokeball
974,Amber Moore,1971-10-26,Pokeball
975,Elizabeth Vasquez,1977-09-01,Pokeball
976,Cynthia Gonzalez,2010-05-03,Pokeball
977,Tiffany Andersen,1982-11-14,Greatball
978,Matthew Higgins,1995-12-27,Ultraball
979,Jessica Hansen,2010-11-01,Greatball
980,Shawn Wiley,2007-10-13,Ultraball
981,Benjamin Shaffer,1996-09-23,Pokeball
982,Donna Castillo,1972-03-19,Greatball
983,Allen Rodriguez,2006-09-21,Pokeball
984,David Foster,2012-12-11,Greatball
985,Darius Valenzuela,2009-07-26,Greatball
986,Kathryn Morrison,2017-09-19,Pokeball
987,Emily Collins,2021-02-26,Pokeball
988,Walter Wheeler,2023-02-19,Greatball
989,Alexander Roberts,2016-07-03,Pokeball
990,Joshua White,1991-08-18,Greatball
991,Katherine Love,1991-07-23,Ultraball
992,Kayla Mueller,1983-01-20,Ultraball
993,Barry Vasquez,1982-05-02,Ultraball
994,Michael Chang,1987-12-23,Ultraball
995,Megan Jones,2021-01-17,Ultraball
996,Michael Brown,2018-11-18,Pokeball
997,Tyler Merritt,2001-12-24,Greatball
998,Mr. Kelly Ferguson,2006-06-13,Ultraball
999,Amy Robinson,1997-02-23,Ultraball
1000,Travis Taylor,2003-05-01,Ultraball
