id,combo
1,fighting
2,"flying,psychic,fairy"
3,"rock,electric,ice"
4,"ground,psychic"
5,"water,grass,ice"
6,"fighting,ground,steel,water,grass"
7,"flying,rock,fire"
8,"ghost,dark"
9,"fighting,ground,fire"
10,"ground,rock,water"
11,"grass,electric"
12,"flying,poison,bug,fire,ice"
13,ground
14,"bug,ghost,dark"
15,"fighting,rock,steel,fire"
16,"ice,dragon,fairy"
17,"fighting,bug,fairy"
18,"poison,steel"
19,"normal,rock,steel,ice,dark"
20,"fighting,bug,grass"
21,"grass,fairy"
22,"poison,rock,steel,fire,electric"
23,"flying,bug,fire,ice"
24,"grass,psychic,dark"
25,"ghost,psychic"
26,"rock,ice,fairy"
27,"bug,steel,grass,ice"
28,"ground,rock,fire"
29,"ground,rock,water"
30,"flying,water"
31,"fighting,poison"
32,"flying,ground,grass,dragon"
33,dragon
34,"ghost,psychic"
35,"fighting,dragon,dark"
